"Path","IsRedirect","RedirectTarget","Title","TitleLength","MetaDesc","MetaDescLength","Canonical","H1Count","H1Text","SchemaCount","SchemaTypes","ImgCount","ImgMissingAlt","ImgMissingDim","ImgLazy","WordCount"
".\index.html","False","","Shree Ram & Company | Luxury Stone Carving & Timeless Architecture","66","Generational mastery in luxury stone carving, CNC Jali Work, Elevation Facade, and Murals & Wall Art. Rooted in the rich heritage of Jaipur, Rajasthan.","151","https://www.shreeramandcompany.com/","1","Shree Ram & Company","2","LocalBusiness, HomeAndConstructionBusiness","42","0","41","27","1154"
".\about-us\index.html","False","","About Us | Shree Ram & Company - 40 Years of Jaipur Stone Artistry","66","Discover the legacy of Shree Ram & Company (Vijeta Stone). 40+ years of generational stone carving, marble inlay, temple architecture, and CNC craftsmanship in Jaipur, India.","174","https://www.shreeramandcompany.com/about-us/","1","Our Legacy & Artistry","1","HomeAndConstructionBusiness","4","0","4","0","387"
".\arch-mehrab\index.html","False","","Arches & Mehrabs | Shree Ram & Company Jaipur","45","Handcrafted natural stone arches, cusped mehrabs, and ornamental door frames by Shree Ram & Company.","100","https://www.shreeramandcompany.com/arch-mehrab/","1","Arches & Mehrabs","2","LocalBusiness, FAQPage","13","0","13","8","837"
".\articles\index.html","False","","Articles & Architectural Insights | Shree Ram & Company Jaipur","62","Explore expert articles, stone buying guides, Vastu temple architecture principles, and stone craftsmanship insights from Shree Ram & Company Jaipur.","149","https://www.shreeramandcompany.com/articles/","1","Articles & Insights","1","HomeAndConstructionBusiness","6","0","6","0","307"
".\blog\index.html","True","/articles/","Redirecting to Articles | Shree Ram & Company","45","","0","https://www.shreeramandcompany.com/articles/","0","","1","HomeAndConstructionBusiness","0","0","0","0","19"
".\contact\index.html","False","","Contact Us & Request a Quote | Shree Ram & Company Jaipur","57","Contact Shree Ram & Company for bespoke stone carving, marble temples, statues, CNC jali screens, and facade elevation. Direct phone, email, and atelier address.","161","https://www.shreeramandcompany.com/contact/","1","Contact Us","1","HomeAndConstructionBusiness","2","0","2","0","346"
".\customised-name-plate\index.html","False","","Customised Name Plates | Shree Ram & Company Jaipur","51","Luxury handcrafted stone name plates for villas, bungalows, and estates by Shree Ram & Company Jaipur.","102","https://www.shreeramandcompany.com/customised-name-plate/","1","Customised Name Plates","2","LocalBusiness, FAQPage","18","0","18","12","842"
".\elevation-facade\index.html","False","","Elevation Facade | Shree Ram & Company Jaipur","45","Luxury exterior stone elevation facades designed and sculpted in natural stone by Shree Ram & Company Jaipur.","109","https://www.shreeramandcompany.com/elevation-facade/","1","Elevation Facade","2","LocalBusiness, FAQPage","18","0","18","12","825"
".\garden-article\index.html","False","","Garden Articles | Shree Ram & Company Jaipur","44","Handcrafted natural stone garden benches, planters, lanterns, and outdoor articles by Shree Ram & Company.","106","https://www.shreeramandcompany.com/garden-article/","1","Garden Articles","2","LocalBusiness, FAQPage","18","0","18","12","828"
".\gazebo\index.html","False","","Stone Gazebos & Pavilions | Shree Ram & Company Jaipur","54","Architectural hand-carved stone gazebos, garden baradaris, and pavilions by Shree Ram & Company Jaipur.","103","https://www.shreeramandcompany.com/gazebo/","1","Gazebos","2","LocalBusiness, FAQPage","13","0","13","8","820"
".\get-a-quote\index.html","False","","Request a Quote | Shree Ram & Company - Jaipur Stone Artistry","61","Request a personalized estimate for custom stone carving, marble temples, statues, CNC jali screens, and architectural facade panels. Fast response within 2 hours.","163","https://www.shreeramandcompany.com/get-a-quote/","1","Contact Us","1","HomeAndConstructionBusiness","2","0","2","0","357"
".\handicrafts\index.html","False","","Stone Handicrafts & Decor | Shree Ram & Company Jaipur","54","Artisan stone urlis, decorative bowls, and luxury home accents hand-sculpted in Jaipur by Shree Ram & Company.","110","https://www.shreeramandcompany.com/handicrafts/","1","Handicrafts","2","LocalBusiness, FAQPage","13","0","13","8","821"
".\marble-inlay\index.html","False","","Marble Inlay Art | Shree Ram & Company Jaipur","45","Pietra Dura Italian and Mughal marble inlay flooring, borders, and medallion art by Shree Ram & Company.","104","https://www.shreeramandcompany.com/marble-inlay/","1","Marble Inlay","2","LocalBusiness, FAQPage","13","0","13","8","828"
".\marble-table-tops\index.html","False","","Marble Table Tops | Shree Ram & Company Jaipur","46","Luxury handcrafted Pietra Dura marble dining table tops and center tables by Shree Ram & Company.","97","https://www.shreeramandcompany.com/marble-table-tops/","1","Marble Table Tops","2","LocalBusiness, FAQPage","13","0","13","8","840"
".\marble-temple\index.html","False","","Marble Temples & Mandirs | Shree Ram & Company Jaipur","53","Handcrafted pure Makrana marble temples and home mandirs carved according to ancient Vastu Shastra.","99","https://www.shreeramandcompany.com/marble-temple/","1","Marble Temples","2","LocalBusiness, FAQPage","18","0","18","12","838"
".\mdf-hdmr-work\index.html","False","","MDF HDMR Work | Shree Ram & Company Jaipur","42","Architectural high-density moisture-resistant (HDMR) and MDF wall panels, fluted profiles, and 3D geometric textures by Shree Ram & Company.","140","https://www.shreeramandcompany.com/mdf-hdmr-work/","1","MDF HDMR Work","2","LocalBusiness, FAQPage","28","0","28","20","855"
".\mdf-hdmr-work\fluted\index.html","True","/mdf-hdmr-work/#fluted","Redirecting to fluted | Shree Ram & Company","43","","0","https://www.shreeramandcompany.com/mdf-hdmr-work/#fluted","0","","0","","0","0","0","0","12"
".\mdf-hdmr-work\fluted-mdf-panels\index.html","True","/mdf-hdmr-work/#fluted-mdf-panels","Redirecting to Fluted MDF Panels | Shree Ram & Company","54","","0","https://www.shreeramandcompany.com/mdf-hdmr-work/#fluted-mdf-panels","0","","0","","0","0","0","0","16"
".\mdf-hdmr-work\geometrical\index.html","True","/mdf-hdmr-work/#geometrical","Redirecting to geometrical | Shree Ram & Company","48","","0","https://www.shreeramandcompany.com/mdf-hdmr-work/#geometrical","0","","0","","0","0","0","0","12"
".\mdf-hdmr-work\geometrical-mdf-panels\index.html","True","/mdf-hdmr-work/#geometrical-mdf-panels","Redirecting to Geometrical MDF Panels | Shree Ram & Company","59","","0","https://www.shreeramandcompany.com/mdf-hdmr-work/#geometrical-mdf-panels","0","","0","","0","0","0","0","16"
".\mdf-hdmr-work\mdf-hdmr-wall-panels\index.html","True","/mdf-hdmr-work/#mdf-hdmr-wall-panels","Redirecting to MDF HDMR Wall Panels | Shree Ram & Company","57","","0","https://www.shreeramandcompany.com/mdf-hdmr-work/#mdf-hdmr-wall-panels","0","","0","","0","0","0","0","18"
".\mdf-hdmr-work\textured\index.html","True","/mdf-hdmr-work/#textured","Redirecting to textured | Shree Ram & Company","45","","0","https://www.shreeramandcompany.com/mdf-hdmr-work/#textured","0","","0","","0","0","0","0","12"
".\mdf-hdmr-work\textured-mdf-panels\index.html","True","/mdf-hdmr-work/#textured-mdf-panels","Redirecting to Textured MDF Panels | Shree Ram & Company","56","","0","https://www.shreeramandcompany.com/mdf-hdmr-work/#textured-mdf-panels","0","","0","","0","0","0","0","16"
".\mdf-hdmr-work\wall-panels\index.html","True","/mdf-hdmr-work/#wall-panels","Redirecting to wall-panels | Shree Ram & Company","48","","0","https://www.shreeramandcompany.com/mdf-hdmr-work/#wall-panels","0","","0","","0","0","0","0","12"
".\mdf-hdmr-work\wave\index.html","True","/mdf-hdmr-work/#wave","Redirecting to wave | Shree Ram & Company","41","","0","https://www.shreeramandcompany.com/mdf-hdmr-work/#wave","0","","0","","0","0","0","0","12"
".\mdf-hdmr-work\wave-mdf-panels\index.html","True","/mdf-hdmr-work/#wave-mdf-panels","Redirecting to Wave MDF Panels | Shree Ram & Company","52","","0","https://www.shreeramandcompany.com/mdf-hdmr-work/#wave-mdf-panels","0","","0","","0","0","0","0","16"
".\mdf-jali\index.html","False","","MDF Jali Screens | Shree Ram & Company Jaipur","45","High-density moisture-resistant MDF and HDMR interior jali screens by Shree Ram & Company.","90","https://www.shreeramandcompany.com/mdf-jali/","1","MDF Jali","2","LocalBusiness, FAQPage","8","0","8","4","819"
".\murals-wall-art\index.html","False","","Stone Art & Murals | Shree Ram & Company Jaipur","47","Explore handcrafted divine spiritual stone murals and artistic wall reliefs by master stone sculptors of Shree Ram & Company Jaipur.","132","https://www.shreeramandcompany.com/murals-wall-art/","1","Stone Art & Murals","2","LocalBusiness, FAQPage","63","0","63","48","932"
".\partition-jali\index.html","False","","Partition Jali & Room Dividers | Shree Ram & Company Jaipur","59","Luxury architectural partition jali screens and room dividers in stone, MDF, and WPC by Shree Ram & Company.","108","https://www.shreeramandcompany.com/partition-jali/","1","Partition Jali","2","LocalBusiness, FAQPage","18","0","18","12","831"
".\pillar\index.html","False","","Stone Pillars & Columns | Shree Ram & Company Jaipur","52","Monumental load-bearing and decorative carved stone columns and pillars by Shree Ram & Company.","95","https://www.shreeramandcompany.com/pillar/","1","Pillars","2","LocalBusiness, FAQPage","13","0","13","8","814"
".\pooja-room\index.html","False","","Pooja Rooms | Shree Ram & Company Jaipur","40","Turnkey bespoke marble and sandstone pooja room design, carving, and installation by Shree Ram & Company.","105","https://www.shreeramandcompany.com/pooja-room/","1","Pooja Rooms","2","LocalBusiness, FAQPage","13","0","13","8","825"
".\privacy-policy\index.html","False","","Privacy Policy | Shree Ram & Company (Vijeta Stone) Jaipur","58","Privacy Policy of Shree Ram & Company (Vijeta Stone), Jaipur. Learn how we handle client project blueprints, inquiries, and personal information with utmost confidentiality.","173","https://www.shreeramandcompany.com/privacy-policy/","1","Privacy Policy","0","","0","0","0","0","293"
".\statue\index.html","False","","Statues & Sculptures | Shree Ram & Company Jaipur","49","Handcrafted marble deity idols and architectural stone sculptures by Shree Ram & Company Jaipur.","96","https://www.shreeramandcompany.com/statue/","1","Statues","2","LocalBusiness, FAQPage","13","0","13","8","821"
".\stone-art-murals\index.html","False","","Stone Art & Murals | Shree Ram & Company Jaipur","47","Explore handcrafted divine spiritual stone murals and artistic wall reliefs by master stone sculptors of Shree Ram & Company Jaipur.","132","https://www.shreeramandcompany.com/stone-art-murals/","1","Stone Art & Murals","2","LocalBusiness, FAQPage","63","0","63","48","932"
".\stone-art-murals\buddha\index.html","True","/stone-art-murals/#buddha","Redirecting to buddha | Shree Ram & Company","43","","0","https://www.shreeramandcompany.com/stone-art-murals/#buddha","0","","0","","0","0","0","0","12"
".\stone-art-murals\buddha-stone-art-mural\index.html","True","/stone-art-murals/#buddha-stone-art-mural","Redirecting to Buddha Stone Art & Mural | Shree Ram & Company","61","","0","https://www.shreeramandcompany.com/stone-art-murals/#buddha-stone-art-mural","0","","0","","0","0","0","0","20"
".\stone-art-murals\durga-mata-ji\index.html","True","/stone-art-murals/#durga-mata-ji","Redirecting to durga-mata-ji | Shree Ram & Company","50","","0","https://www.shreeramandcompany.com/stone-art-murals/#durga-mata-ji","0","","0","","0","0","0","0","12"
".\stone-art-murals\durga-mata-ji-stone-art-mural\index.html","True","/stone-art-murals/#durga-mata-ji-stone-art-mural","Redirecting to Durga Mata Ji Stone Art & Mural | Shree Ram & Company","68","","0","https://www.shreeramandcompany.com/stone-art-murals/#durga-mata-ji-stone-art-mural","0","","0","","0","0","0","0","24"
".\stone-art-murals\floral-stone-art\index.html","True","/stone-art-murals/#floral-stone-art","Redirecting to floral-stone-art | Shree Ram & Company","53","","0","https://www.shreeramandcompany.com/stone-art-murals/#floral-stone-art","0","","0","","0","0","0","0","12"
".\stone-art-murals\ganesh-ji\index.html","True","/stone-art-murals/#ganesh-ji","Redirecting to ganesh-ji | Shree Ram & Company","46","","0","https://www.shreeramandcompany.com/stone-art-murals/#ganesh-ji","0","","0","","0","0","0","0","12"
".\stone-art-murals\ganesh-ji-stone-art-mural\index.html","True","/stone-art-murals/#ganesh-ji-stone-art-mural","Redirecting to Ganesh Ji Stone Art & Mural | Shree Ram & Company","64","","0","https://www.shreeramandcompany.com/stone-art-murals/#ganesh-ji-stone-art-mural","0","","0","","0","0","0","0","22"
".\stone-art-murals\hanuman-ji\index.html","True","/stone-art-murals/#hanuman-ji","Redirecting to hanuman-ji | Shree Ram & Company","47","","0","https://www.shreeramandcompany.com/stone-art-murals/#hanuman-ji","0","","0","","0","0","0","0","12"
".\stone-art-murals\hanuman-ji-stone-art-mural\index.html","True","/stone-art-murals/#hanuman-ji-stone-art-mural","Redirecting to Hanuman Ji Stone Art & Mural | Shree Ram & Company","65","","0","https://www.shreeramandcompany.com/stone-art-murals/#hanuman-ji-stone-art-mural","0","","0","","0","0","0","0","22"
".\stone-art-murals\laxmi-ji\index.html","True","/stone-art-murals/#laxmi-ji","Redirecting to laxmi-ji | Shree Ram & Company","45","","0","https://www.shreeramandcompany.com/stone-art-murals/#laxmi-ji","0","","0","","0","0","0","0","12"
".\stone-art-murals\laxmi-ji-stone-art-mural\index.html","True","/stone-art-murals/#laxmi-ji-stone-art-mural","Redirecting to Laxmi Ji Stone Art & Mural | Shree Ram & Company","63","","0","https://www.shreeramandcompany.com/stone-art-murals/#laxmi-ji-stone-art-mural","0","","0","","0","0","0","0","22"
".\stone-art-murals\radhe-krishna\index.html","True","/stone-art-murals/#radhe-krishna","Redirecting to radhe-krishna | Shree Ram & Company","50","","0","https://www.shreeramandcompany.com/stone-art-murals/#radhe-krishna","0","","0","","0","0","0","0","12"
".\stone-art-murals\radhe-krishna-stone-art-mural\index.html","True","/stone-art-murals/#radhe-krishna-stone-art-mural","Redirecting to Radhe Krishna Stone Art & Mural | Shree Ram & Company","68","","0","https://www.shreeramandcompany.com/stone-art-murals/#radhe-krishna-stone-art-mural","0","","0","","0","0","0","0","22"
".\stone-art-murals\ram-darbar\index.html","True","/stone-art-murals/#ram-darbar","Redirecting to ram-darbar | Shree Ram & Company","47","","0","https://www.shreeramandcompany.com/stone-art-murals/#ram-darbar","0","","0","","0","0","0","0","12"
".\stone-art-murals\ram-darbar-stone-art-mural\index.html","True","/stone-art-murals/#ram-darbar-stone-art-mural","Redirecting to Ram Darbar Stone Art & Mural | Shree Ram & Company","65","","0","https://www.shreeramandcompany.com/stone-art-murals/#ram-darbar-stone-art-mural","0","","0","","0","0","0","0","22"
".\stone-art-murals\shiv-ji\index.html","True","/stone-art-murals/#shiv-ji","Redirecting to shiv-ji | Shree Ram & Company","44","","0","https://www.shreeramandcompany.com/stone-art-murals/#shiv-ji","0","","0","","0","0","0","0","12"
".\stone-art-murals\shiv-ji-stone-art-mural\index.html","True","/stone-art-murals/#shiv-ji-stone-art-mural","Redirecting to Shiv Ji Stone Art & Mural | Shree Ram & Company","62","","0","https://www.shreeramandcompany.com/stone-art-murals/#shiv-ji-stone-art-mural","0","","0","","0","0","0","0","22"
".\stone-art-murals\shreenath-ji\index.html","True","/stone-art-murals/#shreenath-ji","Redirecting to shreenath-ji | Shree Ram & Company","49","","0","https://www.shreeramandcompany.com/stone-art-murals/#shreenath-ji","0","","0","","0","0","0","0","12"
".\stone-art-murals\shreenath-ji-stone-art-mural\index.html","True","/stone-art-murals/#shreenath-ji-stone-art-mural","Redirecting to Shreenath Ji Stone Art & Mural | Shree Ram & Company","67","","0","https://www.shreeramandcompany.com/stone-art-murals/#shreenath-ji-stone-art-mural","0","","0","","0","0","0","0","22"
".\stone-art-murals\swaminarayan-ji\index.html","True","/stone-art-murals/#swaminarayan-ji","Redirecting to swaminarayan-ji | Shree Ram & Company","52","","0","https://www.shreeramandcompany.com/stone-art-murals/#swaminarayan-ji","0","","0","","0","0","0","0","12"
".\stone-art-murals\swaminarayan-ji-stone-art-mural\index.html","True","/stone-art-murals/#swaminarayan-ji-stone-art-mural","Redirecting to Swaminarayan Ji Stone Art & Mural | Shree Ram & Company","70","","0","https://www.shreeramandcompany.com/stone-art-murals/#swaminarayan-ji-stone-art-mural","0","","0","","0","0","0","0","22"
".\stone-art-murals\village-stone-art\index.html","True","/stone-art-murals/#village-stone-art","Redirecting to village-stone-art | Shree Ram & Company","54","","0","https://www.shreeramandcompany.com/stone-art-murals/#village-stone-art","0","","0","","0","0","0","0","12"
".\stone-art-murals\village-stone-art-mural\index.html","True","/stone-art-murals/#village-stone-art-mural","Redirecting to Village Stone Art & Mural | Shree Ram & Company","62","","0","https://www.shreeramandcompany.com/stone-art-murals/#village-stone-art-mural","0","","0","","0","0","0","0","20"
".\stone-carving\index.html","False","","Stone Carving Wall Surfaces | Shree Ram & Company Jaipur","56","Discover luxury handcrafted stone carving collections by Shree Ram & Company Jaipur: Double Height Wall, Staircase Wall, Sofa Wall, Statement Wall, Living Room Wall, Featured Wall.","180","https://www.shreeramandcompany.com/stone-carving/","1","Stone Carving","2","LocalBusiness, FAQPage","34","0","34","25","851"
".\stone-carving\double-height-wall\index.html","False","","Double Height Stone Carving Wall | Shree Ram & Company Jaipur","61","Handcrafted double height natural stone carving walls for luxury villas, duplexes & grand lobbies. Custom 3D relief panels made in Jaipur, Rajasthan.","149","https://www.shreeramandcompany.com/stone-carving/double-height-wall/","1","Double Height Stone Carving Wall","1","BreadcrumbList, Product, FAQPage","14","0","14","11","1667"
".\stone-carving\featured-wall\index.html","False","","Featured Stone Carving Wall | Shree Ram & Company Jaipur","56","Custom architectural featured stone carving walls for luxury accent points, dining & galleries. Handcrafted 3D stone panels from Jaipur, Rajasthan.","147","https://www.shreeramandcompany.com/stone-carving/featured-wall/","1","Featured Stone Carving Wall","1","BreadcrumbList, Product, FAQPage","14","0","14","11","1513"
".\stone-carving\living-room-wall\index.html","False","","Living Room Stone Carving Wall | Shree Ram & Company Jaipur","59","Transform your living room with hand-carved natural stone walls. Acoustic, thermal & aesthetic luxury stone relief panels crafted in Jaipur, Rajasthan.","151","https://www.shreeramandcompany.com/stone-carving/living-room-wall/","1","Living Room Stone Carving Wall","1","BreadcrumbList, Product, FAQPage","14","0","14","11","1563"
".\stone-carving\sofa-wall\index.html","False","","Sofa Backdrop Stone Carving Wall | Shree Ram & Company Jaipur","61","Luxury handcrafted stone carving backdrop walls for living room sofas. Custom 3D textured sandstone & marble panels crafted in Jaipur, Rajasthan.","145","https://www.shreeramandcompany.com/stone-carving/sofa-wall/","1","Sofa Backdrop Stone Carving Wall","1","BreadcrumbList, Product, FAQPage","14","0","14","11","1577"
".\stone-carving\staircase-wall\index.html","False","","Staircase Stone Carving Wall | Shree Ram & Company Jaipur","57","Handcrafted staircase natural stone carving walls for helical stairs, duplex voids & villa risers. Custom relief panels sculpted in Jaipur, Rajasthan.","150","https://www.shreeramandcompany.com/stone-carving/staircase-wall/","1","Staircase Stone Carving Wall","1","BreadcrumbList, Product, FAQPage","14","0","14","11","1614"
".\stone-carving\statement-wall\index.html","False","","Statement Stone Carving Wall | Shree Ram & Company Jaipur","57","Bespoke statement stone carving walls for luxury villas, corporate boardrooms & hotels. Monumental 3D relief panels handcrafted in Jaipur, Rajasthan.","149","https://www.shreeramandcompany.com/stone-carving/statement-wall/","1","Statement Stone Carving Wall","1","BreadcrumbList, Product, FAQPage","14","0","14","11","1530"
".\stone-jali\index.html","False","","Stone Jali Screens | Shree Ram & Company Jaipur","47","Architectural perforated stone jali screens in natural sandstone and marble by Shree Ram & Company Jaipur.","106","https://www.shreeramandcompany.com/stone-jali/","1","Stone Jali","2","LocalBusiness, FAQPage","13","0","13","8","822"
".\stone-temple\index.html","False","","Natural Stone Temples | Shree Ram & Company Jaipur","50","Monumental outdoor and residential natural sandstone temples crafted according to sacred temple architecture.","109","https://www.shreeramandcompany.com/stone-temple/","1","Stone Temple","2","LocalBusiness, FAQPage","18","0","18","12","829"
".\stone-wall-panels\index.html","False","","Stone Wall Panels | Shree Ram & Company Jaipur","46","Luxury 3D CNC and hand-textured stone wall panels including fluted, wave, textured, and geometrical designs by Shree Ram & Company.","131","https://www.shreeramandcompany.com/stone-wall-panels/","1","Stone Wall Panels","2","LocalBusiness, FAQPage","23","0","23","16","848"
".\stone-wall-panels\fluted\index.html","True","/stone-wall-panels/#fluted","Redirecting to fluted | Shree Ram & Company","43","","0","https://www.shreeramandcompany.com/stone-wall-panels/#fluted","0","","0","","0","0","0","0","12"
".\stone-wall-panels\fluted-stone-panels\index.html","True","/stone-wall-panels/#fluted-stone-panels","Redirecting to Fluted Stone Panels | Shree Ram & Company","56","","0","https://www.shreeramandcompany.com/stone-wall-panels/#fluted-stone-panels","0","","0","","0","0","0","0","16"
".\stone-wall-panels\geometrical\index.html","True","/stone-wall-panels/#geometrical","Redirecting to geometrical | Shree Ram & Company","48","","0","https://www.shreeramandcompany.com/stone-wall-panels/#geometrical","0","","0","","0","0","0","0","12"
".\stone-wall-panels\geometrical-stone-panels\index.html","True","/stone-wall-panels/#geometrical-stone-panels","Redirecting to Geometrical Stone Panels | Shree Ram & Company","61","","0","https://www.shreeramandcompany.com/stone-wall-panels/#geometrical-stone-panels","0","","0","","0","0","0","0","16"
".\stone-wall-panels\textured\index.html","True","/stone-wall-panels/#textured","Redirecting to textured | Shree Ram & Company","45","","0","https://www.shreeramandcompany.com/stone-wall-panels/#textured","0","","0","","0","0","0","0","12"
".\stone-wall-panels\textured-stone-panels\index.html","True","/stone-wall-panels/#textured-stone-panels","Redirecting to Textured Stone Panels | Shree Ram & Company","58","","0","https://www.shreeramandcompany.com/stone-wall-panels/#textured-stone-panels","0","","0","","0","0","0","0","16"
".\stone-wall-panels\wave\index.html","True","/stone-wall-panels/#wave","Redirecting to wave | Shree Ram & Company","41","","0","https://www.shreeramandcompany.com/stone-wall-panels/#wave","0","","0","","0","0","0","0","12"
".\stone-wall-panels\wave-stone-panels\index.html","True","/stone-wall-panels/#wave-stone-panels","Redirecting to Wave Stone Panels | Shree Ram & Company","54","","0","https://www.shreeramandcompany.com/stone-wall-panels/#wave-stone-panels","0","","0","","0","0","0","0","16"
".\temple\index.html","False","","Temples & Mandirs | Shree Ram & Company Jaipur","46","Handcrafted natural stone and marble temples by Shree Ram & Company Jaipur.","75","https://www.shreeramandcompany.com/temple/","1","Temples & Mandirs","2","LocalBusiness, FAQPage","18","0","18","12","843"
".\terms-of-service\index.html","False","","Terms of Service | Shree Ram & Company (Vijeta Stone) Jaipur","60","Terms of Service of Shree Ram & Company (Vijeta Stone), Jaipur. Guidelines for custom stone fabrication orders, dimensions, delivery, and craftsmanship warranties.","163","https://www.shreeramandcompany.com/terms-of-service/","1","Terms of Service","0","","0","0","0","0","270"
".\wall-cladding\index.html","False","","Wall Cladding | Shree Ram & Company Jaipur","42","Exterior natural stone wall cladding, dry stone hanging systems, and textured facade tiles by Shree Ram & Company.","114","https://www.shreeramandcompany.com/wall-cladding/","1","Wall Cladding","2","LocalBusiness, FAQPage","18","0","18","12","828"
".\water-fountain\index.html","False","","Water Fountains | Shree Ram & Company Jaipur","44","Luxury handcrafted indoor and outdoor stone water fountains by master carvers of Shree Ram & Company Jaipur.","108","https://www.shreeramandcompany.com/water-fountain/","1","Water Fountain","2","LocalBusiness, FAQPage","18","0","18","12","834"
".\wpc-jali\index.html","False","","WPC Jali Screens | Shree Ram & Company Jaipur","45","Waterproof and termite-proof WPC jali screens for exterior and high-humidity interior areas.","92","https://www.shreeramandcompany.com/wpc-jali/","1","WPC Jali","2","LocalBusiness, FAQPage","8","0","8","4","818"
