"PostNum","Batch","Title","Primary","Supporting","MoneyPages"
"1","1","Pooja Room Design for Home: Stone & Marble Mandir Ideas","puja room design (49,500)","pooja room designs for home (6,600); pooja ghar design (5,400); simple pooja room designs (1,300); modern pooja room (320); pooja room decoration ideas (1,000); pooja room interior (4,400); puja room (3,600); pooja room in living room (390); stone pooja room for home (–); Modern Stone Pooja Room (–); Luxury stone for pooja room (–); Stone Carving For Pooja Room (–)","Pooja Rooms, Marble Temples, Stone Temple, Marble Inlay, MDF / HDMR Jali"
"2","1","Staircase Wall Decorating Ideas: Stone Carving, Murals & Panels","staircase wall decorating ideas (1,600)","staircase wall design (8,100); staircase wall decor (1,300); stairs side wall design (1,000); staircase side wall design (1,000); modern staircase wall design (880); staircase wall decor ideas modern (720); stair wall (590); staircase front wall design (170); staircase wall designs for homes (480)","Staircase Wall, Stone Art & Murals, Stone Wall Panels"
"3","1","Modern Double Height Wall Design Ideas for Living Rooms & Lobbies","modern double height wall design (1,300)","double height wall design (1,600); double height wall design ideas (260); double height lobby wall design (170); interior double height wall design (210); double height living room wall design (170); double height lobby (390); double height feature wall (90); double height wall cladding (50); double height living room india (110)","Double Height Wall, Stone Carving, Stone Art & Murals, Featured Wall"
"4","1","CNC Jali Design Ideas for Doors, Windows, Balconies & Partitions","cnc jali design (12,100)","cnc jali (3,600); modern jali design (4,400); jali design (14,800); CNC jali design for doors (–); CNC jali design for windows (–); CNC jali design for balcony (–); CNC jali design for partitions (–); cnc design for front elevation (480)","CNC JALI WORK, Stone Jali, Partition Jali, MDF / HDMR Jali, PVC / WPC Jali"
"5","1","Outside Elevation Designs: Stone Elevation Ideas for Houses & Villas","outside elevation designs (320)","exterior elevation design (720); exterior elevations of homes (110); facade design (4,400); exterior facade design (260); stone facade for villa (–); luxury villa stone elevation (–); stone elevation for bungalow (–); natural stone house facade (–); front design (14,800); new home design front (110); stone wall design for exterior (–)","Elevation Facade, EXTERIOR ELEVATION, Wall Cladding, Stone Jali"
"6","1","Living Room Wall Design & Décor Ideas with Stone Art","living room wall decor ideas (5,400)","living room wall design (3,600); living room wall decor (18,100); living room wall art (9,900); modern living room wall decor (480); latest wall design for living room (1,000); simple living room wall design (880); best wall design for living room (210); living room interior wall design (2,400); wall art ideas for living room (260)","Living Room Wall, Sofa Wall, Stone Art & Murals, Stone Wall Panels"
"7","2","Wall Design Behind Sofa: Stone & Panel Ideas for Your Living Room","wall design behind sofa (170)","sofa wall (390); sofa panel (720); wall panelling behind sofa (140); sofa wall back design (110)","Sofa Wall, Stone Wall Panels, Living Room Wall"
"8","2","Name Plate Designs for Home: Customised Stone & Marble Name Plates","name plate designs for home (33,100)","customized name plates for home (3,600); customised name plate for home (880); door name plates (6,600); nameplate designs (1,900); unique name plates (320); customised home name plates (390); stone name plate (–); name carving (110)","Customised Name Plates"
"9","2","Interior vs External Wall Cladding: Which Stone Cladding to Choose","interior wall cladding (390)","wall cladding (6,600); external wall cladding (210); wall cladding panels (590); stone cladding (–); stone cladding for villa (–)","Wall Cladding, Elevation Facade, Stone Wall Panels"
"10","2","Decorative Stone Wall Panels: Types, Uses & Where to Install","decorative stone wall panels (–)","stone wall panels (480); natural stone wall panels (–); 3d stone panels (20); decorative stone panels (20); 3d stone cladding wall panels (20); Stone 3d wall panel for home (–); Stone 3d wall panel for exterior (–); Stone 3d wall panel for elevation (–); stone 2d wall panel for home (–); stone 2d wall panel for bedroom (–); Natural stone 2d wall panel (–)","Stone Wall Panels, Fluted Stone Panels, Textured Stone Panels, Wave Stone Panels, Geometrical Stone Panels"
"11","2","3D Wall Panels & Textured Wall Panels: Stone vs MDF","3d wall panels (8,100)","3d textured wall panels (880); textured wall panels (1,000); decorative wall panels (3,600); wall paneling (60,500); wall panelling design (2,900); wall paneling design (1,600); panelling on wall (1,900); 3d wall panels design (110); 3d wall panel sheets (170)","Stone Wall Panels, MDF HDMR Wall Panels, Textured Stone Panels, Textured MDF Panels"
"12","2","MDF Wall Panels Designs: Ideas for Indian Homes","mdf wall panels designs (390)","mdf wall panels (2,900); mdf wall design (1,600); decorative mdf wall panels (390); decorative mdf wall panels india (110); wall mdf design (260); mdf wall (210)","MDF HDMR Wall Panels, MDF HDMR Work, Geometrical MDF Panels"
"13","2","Fluted Molding & Fluted Panels: Fluted MDF vs Fluted Stone","fluted molding (140)","fluted mdf panels (480); fluted mdf wall panels (30); fluted mdf texture (30); fluted wood moulding (30)","Fluted MDF Panels, Fluted Stone Panels"
"14","2","Marble Inlay Work Design: Ideas for Walls, Floors and Tables","marble inlay work design (320)","marble inlay (1,000); marble inlay border (140); marble inlay texture (140); inlay work marble flooring (30); marble inlay work (–); marble inlay design (–); marble inlay art (–); marble inlay wall (–); marble inlay flooring (–); marble inlay panel (–); decorative marble inlay (–); custom marble inlay (–); handcrafted marble inlay (–); marble inlay work Rajasthan (–); marble inlay Jaipur (–)","Marble Inlay, Marble Table Tops"
"15","2","Stone Temple Design for Home: Mandir Ideas in Natural Stone","stone temple design (480)","stone temple (2,900); stone mandir (590); stone mandir design (210); temple stone design (480); temple stone work (260); temple stone work design (110); temple stone (390); Stone art for temple (–); Stone temple design for home (–)","Stone Temple, Pillars, Pooja Rooms"
"16","2","Mandir for Home: How to Choose the Right Marble Temple (Size, Design, Material)","mandir for home (–)","marble temple for home (–); marble temple carving (–)","Marble Temples, Pooja Rooms, Marble Inlay"
"17","3","Stone Jali Design: Types, Uses & Ideas","stone jali design (480)","stone jali (590); jali stone (590); stone lattice (390); marble jali design (320); jali (22,200); stone 2D jali art / design (–)","Stone Jali, CNC JALI WORK"
"18","3","Stone Jali Design for Elevation, Balcony & Front Facade","stone jali design for elevation (–)","stone jali design for balcony (–); stone jali design for front (–); stone jali elevation (–); CNC jali elevation (–)","Stone Jali, Elevation Facade"
"19","3","MDF Jali Design for Mandir & Home","mdf jali design (2,400)","mdf jali (1,300); mdf jali design for mandir (880); mdf jali cutting design (210); modern mdf jali design (210)","MDF / HDMR Jali, Pooja Rooms"
"20","3","What Is CNC Cutting? How CNC-Cut Jali, Panels & Murals Are Made","cnc cutting design (22,200)","cnc cutting (14,800); cnc design (14,800); modern cnc design (9,900); cnc work (–); cnc art (–); CNC wall art (–); cnc cutout design (–)","CNC JALI WORK, Stone Jali, MDF / HDMR Jali"
"21","3","Jali Partition Design Ideas: Partition Jali vs WPC / PVC Jali","jali partition design ideas (derived, unvalidated)","CNC jali design for partitions (–); WPC jali panel (–)","Partition Jali, PVC / WPC Jali"
"22","3","Stone Carving in India: Art, Process & Where It Is Used","stone carving in india (140)","stone carving (2,900); stone carving art (–); stone carving sculpture (140); stone work in Jaipur (–); stone molding (–)","Stone Carving, HOMEPAGE"
"23","3","Sandstone Murals: What They Are and Where to Use Them","sandstone mural (140)","stone wall mural (480); stone mural art (70); stone mural designs (30); sandstone wall murals (30); stone religious mural (–); custom stone mural (–); handcrafted stone mural (–); wall murals art (–); stone 2d wall art (–); luxury stone wall art (–); stone artwork for wall (–)","Stone Art & Murals"
"24","3","Krishna Wall Murals for Home: Ideas, Placement & Stone Options","krishna wall murals (170)","radha krishna mural (390); radha krishna mural art (320); radha krishna wall murals (260); lord krishna mural (20); krishna art on wall (30); krishna mural images (30); radha krishna stone wall panel (–)","Radhe Krishna Stone Art & Mural, Shreenath Ji Stone Art & Mural"
"25","3","Buddha Wall Decor: Mural & Stone Art Ideas for Home","buddha wall decor (720)","buddha wall art (880); buddha wall mural designs (480); buddha for wall (480); buddha mural (320); buddha mural art (260); buddha wall mural (210); buddha design on wall (170); gautam buddha wall design (110); Buddha stone mural (–); Buddha wall art (–)","Buddha Stone Art & Mural, Statues, Water Fountains"
"26","3","Ganesh Elevation Wall Mural: Ideas for Home Entrances & Exteriors","ganesh elevation wall mural (90)","ganesha mural art (140); mural art ganesha (110); mural ganesha (90); ganapathi mural art (40); ganapathi wall art (20); ganesha mural designs (20); lord ganesha murals (20); mural art of ganesha (20); lord ganesha wall murals (10); ganesh murals exterior house (0); Ganesh stone mural (–)","Ganesh Ji Stone Art & Mural, Elevation Facade"
"27","3","Religious Stone Murals: Hanuman, Shiv, Durga, Laxmi, Ram Darbar & Shreenath Ji","stone religious mural (–)","Hanuman stone mural (–); Shiv stone mural (–); Ram Darbar stone mural (–); Ram Darbar wall art (–); Durga stone mural (–); Durga Mata stone wall art (–); Durga stone panel (–); 3d durga (90); Laxmi stone mural (–); Laxmi stone wall art (–); Laxmi stone panel (–); Shree Nath ji wall mural (–); Shree Nath Ji wall 3d art (–); Shree Nath ji wall panel (–); Shreenath Ji Mukharvind 3D wall art (–)","Hanuman Ji Stone Art & Mural, Shiv Ji Stone Art & Mural, Ram Darbar Stone Art & Mural, Durga Mata Ji Stone Art & Mural, Laxmi Ji Stone Art & Mural, Shreenath Ji Stone Art & Mural"
"28","3","Floral Art in Stone: Flower Mural Designs for Walls","floral art (1,900)","flower mural (210); floral mural designs (140)","Floral Stone Art, Village Stone Art & Mural"
"29","3","Marble Sculpture & Statues: Marble vs Stone Buying Guide","marble sculpture (590)","marble statue (1,600); marble god statue (320); white marble statue (110); marble sculpture in india (110); indian marble statues (90); jaipur marble art (110); stone statue (1,300); stone murti (390); stone god statue (110); handicraft statue (110)","Statues, Marble Temples"
"30","3","Buddha Statue for Home & Garden: Marble & Stone Options","buddha statue (60,500)","lord buddha statue (1,900); buddha idol (1,900); statue of buddha for home (70)","Statues, Buddha Stone Art & Mural, Water Fountains"
"31","3","Durga Mata & Laxmi Marble Statues: How to Choose","maa durga statue (1,300)","durga mata statue (720); lakshmi statue marble (20); marble mahalaxmi statue (0); marble statue of lord lakshmi (0); laxmi in stone (0)","Statues, Durga Mata Ji Stone Art & Mural, Laxmi Ji Stone Art & Mural"
"32","3","Stone Pillar Design: Temple & Home Pillars","stone pillar design (480)","stone pillar (1,300); temple stone pillars (140)","Pillars, Stone Temple"
"33","3","Stone Gazebo & Garden Gazebo Ideas","gazebo (49,500)","garden gazebo (880); stone gazebo (110)","Gazebos, Garden Articles, Pillars"
"34","3","Home Fountain Ideas: Indoor & Garden Stone Water Fountains","home fountain (9,900)","water fountain for home (6,600); water fountain (14,800); indoor water fountain (1,900); water fountain for home indoor (3,600); home decor water fountains (1,600); garden fountains (2,900); stone fountain (880); fountain for home (–); fountains near me (9,900)","Water Fountains"
"35","3","Buddha Water Fountain: Styles & Placement","buddha water fountain (1,600)","buddha fountain (2,400)","Water Fountains, Buddha Stone Art & Mural"
"36","3","Marble Inlay Table Top: Types, Uses & Care","marble inlay table top (210)","marble table top (2,400); marble top coffee table (880); marble top centre table (3,600); marble top dining table (8,100)","Marble Table Tops, Marble Inlay"
"37","3","Marble Craft & Stone Handicraft Items from Jaipur","marble craft (320)","marble handicrafts (1,000); marble decorative items (320); marble decor (260); marble handicraft items (260); stone handicrafts (260); stone handicraft in Jaipur (–); stone handicraft in india (–); marble work (–)","Handicrafts, HOME INTERIOR & DECOR"
"38","3","Statement Wall & Featured Wall: How to Choose the Right Stone Finish","premium stone wall art (–)","handmade stone wall art (–); bedroom side wall design (720); stone wall (–)","Statement Wall, Featured Wall, WALL SURFACES"
"39","3","Marble Molding Design for Home (publish only if owner confirms moldings are offered)","Marble molding design for home (–)","marble Moldings for home (–); simple marble molding design (–); stone molding (–)","Stone Carving, Marble Inlay"
