"Page","Type","ProductName","CardId","ImageCount","Srcs","Alts"
"index.html","Collection Card","","","1","/assets/images/statement-wall.jpg","Stone Carving"
"index.html","Collection Card","","","1","/assets/images/radhe-krishna-mural.jpg","Murals & Wall Art"
"index.html","Collection Card","","","1","/assets/images/stone-wall-panels.jpg","Wall Panels"
"index.html","Collection Card","","","1","/assets/images/mdf-work.jpg","MDF HDMR Work"
"index.html","Collection Card","","","1","/assets/images/elevation-facade.jpg","Elevation Facade"
"index.html","Collection Card","","","1","/assets/images/garden-article.jpg","Garden Article"
"index.html","Collection Card","","","1","/assets/images/customised-name-plate.jpg","Customised Name Plate"
"index.html","Collection Card","","","1","/assets/images/wall-cladding.jpg","Wall Cladding"
"index.html","Collection Card","","","1","/assets/images/marble-temple.jpg","Marble Temples"
"index.html","Collection Card","","","1","/assets/images/temple.jpg","Stone Temple"
"index.html","Collection Card","","","1","/assets/images/marble-temple.jpg","Pooja Rooms"
"index.html","Collection Card","","","1","/assets/images/marble-inlay.jpg","Marble Inlay"
"index.html","Collection Card","","","1","/assets/images/marble-statue.jpg","Statues"
"index.html","Collection Card","","","1","/assets/images/gazebo.jpg","Gazebos"
"index.html","Collection Card","","","1","/assets/images/gazebo.jpg","Arches & Mehrabs"
"index.html","Collection Card","","","1","/assets/images/gazebo.jpg","Pillars"
"index.html","Collection Card","","","1","/assets/images/garden-article.jpg","Handicrafts"
"index.html","Collection Card","","","1","/assets/images/marble-table-tops.jpg","Marble Table Tops"
"index.html","Collection Card","","","1","/assets/images/water-fountain.jpg","Water Fountains"
"index.html","Collection Card","","","1","/assets/images/stone-jali.jpg","Stone Jali"
"index.html","Collection Card","","","1","/assets/images/stone-jali.jpg","MDF / HDMR Jali"
"index.html","Collection Card","","","1","/assets/images/stone-jali.jpg","Partition Jali"
"index.html","Collection Card","","","1","/assets/images/stone-jali.jpg","PVC / WPC Jali"
"stone-carving/index.html","Product Card (Slider)","Double Height Wall","double-height-wall","6","/assets/images/double-height-wall-01.webp; /assets/images/double-height-wall-02.webp; /assets/images/double-height-wall-03.webp; /assets/images/double-height-wall-04.webp; /assets/images/double-height-wall-05.webp; /assets/images/double-height-wall-06.webp","Concentric radial sunburst mandala medallion stone carving panels with multi-layered fluted textures in double-height entrance lobby - Shree Ram and Company Vijeta Stone; Swirling dynamic vortex wave textured sandstone relief feature wall panels with architectural up-lighting in double-height duplex lounge - Shree Ram and Company Vijeta Stone; 3D geometric faceted triangular sandstone cladding with illuminated niches and floral relief carvings in modern double-height atrium - Shree Ram and Company Vijeta Stone; Grand botanical monstera and tropical foliage bas-relief carved stone mural with contrasting charcoal leaf accents in double-height villa hall - Shree Ram and Company Vijeta Stone; Vertical zen ripple water wave grooved marble wall cladding soaring to ceiling beside ornate hand-carved wooden entrance door - Shree Ram and Company Vijeta Stone; Contemporary organic contour wave hand-carved stone wall panel with warm ambient backlighting in luxury double-height villa living room - Shree Ram and Company Vijeta Stone"
"stone-carving/index.html","Product Card (Slider)","Staircase Wall","staircase-wall","5","/assets/images/staircase-mandala-radial-carving.jpg; /assets/images/staircase-maple-leaf-relief.jpg; /assets/images/staircase-ginkgo-backlit-panel.jpg; /assets/images/double-height-lotus-backlit.jpg; /assets/images/double-height-medallion-facade.jpg","Staircase Wall Architectural Handcrafted Natural Stone Carving - Shree Ram &amp; Company Jaipur - View 1; Staircase Wall Architectural Handcrafted Natural Stone Carving - Shree Ram &amp; Company Jaipur - View 2; Staircase Wall Architectural Handcrafted Natural Stone Carving - Shree Ram &amp; Company Jaipur - View 3; Staircase Wall Architectural Handcrafted Natural Stone Carving - Shree Ram &amp; Company Jaipur - View 4; Staircase Wall Architectural Handcrafted Natural Stone Carving - Shree Ram &amp; Company Jaipur - View 5"
"stone-carving/index.html","Product Card (Slider)","Sofa Wall","sofa-wall","5","/assets/images/sofa-wall.jpg; /assets/images/staircase-ginkgo-backlit-panel.jpg; /assets/images/double-height-lotus-backlit.jpg; /assets/images/stone-carving.jpg; /assets/images/jaipur-artisan.jpg","Sofa Wall Architectural Handcrafted Natural Stone Carving - Shree Ram &amp; Company Jaipur - View 1; Sofa Wall Architectural Handcrafted Natural Stone Carving - Shree Ram &amp; Company Jaipur - View 2; Sofa Wall Architectural Handcrafted Natural Stone Carving - Shree Ram &amp; Company Jaipur - View 3; Sofa Wall Architectural Handcrafted Natural Stone Carving - Shree Ram &amp; Company Jaipur - View 4; Sofa Wall Architectural Handcrafted Natural Stone Carving - Shree Ram &amp; Company Jaipur - View 5"
"stone-carving/index.html","Product Card (Slider)","Statement Wall","statement-wall","5","/assets/images/statement-wall.jpg; /assets/images/double-height-lotus-backlit.jpg; /assets/images/double-height-medallion-facade.jpg; /assets/images/staircase-mandala-radial-carving.jpg; /assets/images/stone-carving.jpg","Statement Wall Architectural Handcrafted Natural Stone Carving - Shree Ram &amp; Company Jaipur - View 1; Statement Wall Architectural Handcrafted Natural Stone Carving - Shree Ram &amp; Company Jaipur - View 2; Statement Wall Architectural Handcrafted Natural Stone Carving - Shree Ram &amp; Company Jaipur - View 3; Statement Wall Architectural Handcrafted Natural Stone Carving - Shree Ram &amp; Company Jaipur - View 4; Statement Wall Architectural Handcrafted Natural Stone Carving - Shree Ram &amp; Company Jaipur - View 5"
"stone-carving/index.html","Product Card (Slider)","Living Room Wall","living-room-wall","5","/assets/images/living-room-wall.jpg; /assets/images/staircase-maple-leaf-relief.jpg; /assets/images/staircase-mandala-radial-carving.jpg; /assets/images/staircase-ginkgo-backlit-panel.jpg; /assets/images/stone-wall-panel.jpg","Living Room Wall Architectural Handcrafted Natural Stone Carving - Shree Ram &amp; Company Jaipur - View 1; Living Room Wall Architectural Handcrafted Natural Stone Carving - Shree Ram &amp; Company Jaipur - View 2; Living Room Wall Architectural Handcrafted Natural Stone Carving - Shree Ram &amp; Company Jaipur - View 3; Living Room Wall Architectural Handcrafted Natural Stone Carving - Shree Ram &amp; Company Jaipur - View 4; Living Room Wall Architectural Handcrafted Natural Stone Carving - Shree Ram &amp; Company Jaipur - View 5"
"stone-carving/index.html","Product Card (Slider)","Featured Wall","featured-wall","5","/assets/images/featured-wall.jpg; /assets/images/double-height-medallion-facade.jpg; /assets/images/staircase-mandala-radial-carving.jpg; /assets/images/double-height-lotus-backlit.jpg; /assets/images/stone-carving.jpg","Featured Wall Architectural Handcrafted Natural Stone Carving - Shree Ram &amp; Company Jaipur - View 1; Featured Wall Architectural Handcrafted Natural Stone Carving - Shree Ram &amp; Company Jaipur - View 2; Featured Wall Architectural Handcrafted Natural Stone Carving - Shree Ram &amp; Company Jaipur - View 3; Featured Wall Architectural Handcrafted Natural Stone Carving - Shree Ram &amp; Company Jaipur - View 4; Featured Wall Architectural Handcrafted Natural Stone Carving - Shree Ram &amp; Company Jaipur - View 5"
"stone-art-murals/index.html","Product Card (Slider)","Radhe Krishna Stone Art & Mural","radhe-krishna-stone-art-mural","5","/assets/images/radhe-krishna-mural.jpg; /assets/images/mural-art.jpg; /assets/images/jaipur-artisan.jpg; /assets/images/stone-carving.jpg; /assets/images/statue.jpg","Radhe Krishna Stone Art & Mural Architectural Handcrafted Natural Stone Carving - Shree Ram &amp; Company Jaipur - View 1; Radhe Krishna Stone Art & Mural Architectural Handcrafted Natural Stone Carving - Shree Ram &amp; Company Jaipur - View 2; Radhe Krishna Stone Art & Mural Architectural Handcrafted Natural Stone Carving - Shree Ram &amp; Company Jaipur - View 3; Radhe Krishna Stone Art & Mural Architectural Handcrafted Natural Stone Carving - Shree Ram &amp; Company Jaipur - View 4; Radhe Krishna Stone Art & Mural Architectural Handcrafted Natural Stone Carving - Shree Ram &amp; Company Jaipur - View 5"
"stone-art-murals/index.html","Product Card (Slider)","Buddha Stone Art & Mural","buddha-stone-art-mural","5","/assets/images/statue.jpg; /assets/images/mural-art.jpg; /assets/images/jaipur-artisan.jpg; /assets/images/stone-wall-panel.jpg; /assets/images/stone-carving.jpg","Buddha Stone Art & Mural Architectural Handcrafted Natural Stone Carving - Shree Ram &amp; Company Jaipur - View 1; Buddha Stone Art & Mural Architectural Handcrafted Natural Stone Carving - Shree Ram &amp; Company Jaipur - View 2; Buddha Stone Art & Mural Architectural Handcrafted Natural Stone Carving - Shree Ram &amp; Company Jaipur - View 3; Buddha Stone Art & Mural Architectural Handcrafted Natural Stone Carving - Shree Ram &amp; Company Jaipur - View 4; Buddha Stone Art & Mural Architectural Handcrafted Natural Stone Carving - Shree Ram &amp; Company Jaipur - View 5"
"stone-art-murals/index.html","Product Card (Slider)","Hanuman Ji Stone Art & Mural","hanuman-ji-stone-art-mural","5","/assets/images/hanuman-ji-mural.jpg; /assets/images/stone-carving.jpg; /assets/images/mural-art.jpg; /assets/images/jaipur-artisan.jpg; /assets/images/statue.jpg","Hanuman Ji Stone Art & Mural Architectural Handcrafted Natural Stone Carving - Shree Ram &amp; Company Jaipur - View 1; Hanuman Ji Stone Art & Mural Architectural Handcrafted Natural Stone Carving - Shree Ram &amp; Company Jaipur - View 2; Hanuman Ji Stone Art & Mural Architectural Handcrafted Natural Stone Carving - Shree Ram &amp; Company Jaipur - View 3; Hanuman Ji Stone Art & Mural Architectural Handcrafted Natural Stone Carving - Shree Ram &amp; Company Jaipur - View 4; Hanuman Ji Stone Art & Mural Architectural Handcrafted Natural Stone Carving - Shree Ram &amp; Company Jaipur - View 5"
"stone-art-murals/index.html","Product Card (Slider)","Durga Mata Ji Stone Art & Mural","durga-mata-ji-stone-art-mural","5","/assets/images/durga-mata-mural.jpg; /assets/images/mural-art.jpg; /assets/images/statue.jpg; /assets/images/jaipur-artisan.jpg; /assets/images/marble-temple.jpg","Durga Mata Ji Stone Art & Mural Architectural Handcrafted Natural Stone Carving - Shree Ram &amp; Company Jaipur - View 1; Durga Mata Ji Stone Art & Mural Architectural Handcrafted Natural Stone Carving - Shree Ram &amp; Company Jaipur - View 2; Durga Mata Ji Stone Art & Mural Architectural Handcrafted Natural Stone Carving - Shree Ram &amp; Company Jaipur - View 3; Durga Mata Ji Stone Art & Mural Architectural Handcrafted Natural Stone Carving - Shree Ram &amp; Company Jaipur - View 4; Durga Mata Ji Stone Art & Mural Architectural Handcrafted Natural Stone Carving - Shree Ram &amp; Company Jaipur - View 5"
"stone-art-murals/index.html","Product Card (Slider)","Ganesh Ji Stone Art & Mural","ganesh-ji-stone-art-mural","5","/assets/images/ganesh-ji-mural.jpg; /assets/images/jaipur-artisan.jpg; /assets/images/mural-art.jpg; /assets/images/stone-carving.jpg; /assets/images/statue.jpg","Ganesh Ji Stone Art & Mural Architectural Handcrafted Natural Stone Carving - Shree Ram &amp; Company Jaipur - View 1; Ganesh Ji Stone Art & Mural Architectural Handcrafted Natural Stone Carving - Shree Ram &amp; Company Jaipur - View 2; Ganesh Ji Stone Art & Mural Architectural Handcrafted Natural Stone Carving - Shree Ram &amp; Company Jaipur - View 3; Ganesh Ji Stone Art & Mural Architectural Handcrafted Natural Stone Carving - Shree Ram &amp; Company Jaipur - View 4; Ganesh Ji Stone Art & Mural Architectural Handcrafted Natural Stone Carving - Shree Ram &amp; Company Jaipur - View 5"
"stone-art-murals/index.html","Product Card (Slider)","Laxmi Ji Stone Art & Mural","laxmi-ji-stone-art-mural","5","/assets/images/mural-art.jpg; /assets/images/double-height-lotus-backlit.jpg; /assets/images/jaipur-artisan.jpg; /assets/images/statue.jpg; /assets/images/stone-carving.jpg","Laxmi Ji Stone Art & Mural Architectural Handcrafted Natural Stone Carving - Shree Ram &amp; Company Jaipur - View 1; Laxmi Ji Stone Art & Mural Architectural Handcrafted Natural Stone Carving - Shree Ram &amp; Company Jaipur - View 2; Laxmi Ji Stone Art & Mural Architectural Handcrafted Natural Stone Carving - Shree Ram &amp; Company Jaipur - View 3; Laxmi Ji Stone Art & Mural Architectural Handcrafted Natural Stone Carving - Shree Ram &amp; Company Jaipur - View 4; Laxmi Ji Stone Art & Mural Architectural Handcrafted Natural Stone Carving - Shree Ram &amp; Company Jaipur - View 5"
"stone-art-murals/index.html","Product Card (Slider)","Ram Darbar Stone Art & Mural","ram-darbar-stone-art-mural","5","/assets/images/ram-darbar-mural.jpg; /assets/images/marble-temple.jpg; /assets/images/mural-art.jpg; /assets/images/jaipur-artisan.jpg; /assets/images/stone-carving.jpg","Ram Darbar Stone Art & Mural Architectural Handcrafted Natural Stone Carving - Shree Ram &amp; Company Jaipur - View 1; Ram Darbar Stone Art & Mural Architectural Handcrafted Natural Stone Carving - Shree Ram &amp; Company Jaipur - View 2; Ram Darbar Stone Art & Mural Architectural Handcrafted Natural Stone Carving - Shree Ram &amp; Company Jaipur - View 3; Ram Darbar Stone Art & Mural Architectural Handcrafted Natural Stone Carving - Shree Ram &amp; Company Jaipur - View 4; Ram Darbar Stone Art & Mural Architectural Handcrafted Natural Stone Carving - Shree Ram &amp; Company Jaipur - View 5"
"stone-art-murals/index.html","Product Card (Slider)","Shiv Ji Stone Art & Mural","shiv-ji-stone-art-mural","5","/assets/images/shiv-ji-mural.jpg; /assets/images/statue.jpg; /assets/images/mural-art.jpg; /assets/images/stone-carving.jpg; /assets/images/jaipur-artisan.jpg","Shiv Ji Stone Art & Mural Architectural Handcrafted Natural Stone Carving - Shree Ram &amp; Company Jaipur - View 1; Shiv Ji Stone Art & Mural Architectural Handcrafted Natural Stone Carving - Shree Ram &amp; Company Jaipur - View 2; Shiv Ji Stone Art & Mural Architectural Handcrafted Natural Stone Carving - Shree Ram &amp; Company Jaipur - View 3; Shiv Ji Stone Art & Mural Architectural Handcrafted Natural Stone Carving - Shree Ram &amp; Company Jaipur - View 4; Shiv Ji Stone Art & Mural Architectural Handcrafted Natural Stone Carving - Shree Ram &amp; Company Jaipur - View 5"
"stone-art-murals/index.html","Product Card (Slider)","Swaminarayan Ji Stone Art & Mural","swaminarayan-ji-stone-art-mural","5","/assets/images/marble-temple.jpg; /assets/images/stone-carving.jpg; /assets/images/mural-art.jpg; /assets/images/jaipur-artisan.jpg; /assets/images/pillar.jpg","Swaminarayan Ji Stone Art & Mural Architectural Handcrafted Natural Stone Carving - Shree Ram &amp; Company Jaipur - View 1; Swaminarayan Ji Stone Art & Mural Architectural Handcrafted Natural Stone Carving - Shree Ram &amp; Company Jaipur - View 2; Swaminarayan Ji Stone Art & Mural Architectural Handcrafted Natural Stone Carving - Shree Ram &amp; Company Jaipur - View 3; Swaminarayan Ji Stone Art & Mural Architectural Handcrafted Natural Stone Carving - Shree Ram &amp; Company Jaipur - View 4; Swaminarayan Ji Stone Art & Mural Architectural Handcrafted Natural Stone Carving - Shree Ram &amp; Company Jaipur - View 5"
"stone-art-murals/index.html","Product Card (Slider)","Shreenath Ji Stone Art & Mural","shreenath-ji-stone-art-mural","5","/assets/images/mural-art.jpg; /assets/images/jaipur-artisan.jpg; /assets/images/double-height-lotus-backlit.jpg; /assets/images/stone-carving.jpg; /assets/images/statue.jpg","Shreenath Ji Stone Art & Mural Architectural Handcrafted Natural Stone Carving - Shree Ram &amp; Company Jaipur - View 1; Shreenath Ji Stone Art & Mural Architectural Handcrafted Natural Stone Carving - Shree Ram &amp; Company Jaipur - View 2; Shreenath Ji Stone Art & Mural Architectural Handcrafted Natural Stone Carving - Shree Ram &amp; Company Jaipur - View 3; Shreenath Ji Stone Art & Mural Architectural Handcrafted Natural Stone Carving - Shree Ram &amp; Company Jaipur - View 4; Shreenath Ji Stone Art & Mural Architectural Handcrafted Natural Stone Carving - Shree Ram &amp; Company Jaipur - View 5"
"stone-art-murals/index.html","Product Card (Slider)","Village Stone Art & Mural","village-stone-art-mural","5","/assets/images/jaipur-artisan.jpg; /assets/images/stone-carving.jpg; /assets/images/mural-art.jpg; /assets/images/staircase-maple-leaf-relief.jpg; /assets/images/stone-wall-panel.jpg","Village Stone Art & Mural Architectural Handcrafted Natural Stone Carving - Shree Ram &amp; Company Jaipur - View 1; Village Stone Art & Mural Architectural Handcrafted Natural Stone Carving - Shree Ram &amp; Company Jaipur - View 2; Village Stone Art & Mural Architectural Handcrafted Natural Stone Carving - Shree Ram &amp; Company Jaipur - View 3; Village Stone Art & Mural Architectural Handcrafted Natural Stone Carving - Shree Ram &amp; Company Jaipur - View 4; Village Stone Art & Mural Architectural Handcrafted Natural Stone Carving - Shree Ram &amp; Company Jaipur - View 5"
"stone-art-murals/index.html","Product Card (Slider)","Floral Stone Art","floral-stone-art","5","/assets/images/floral-stone-art.jpg; /assets/images/marble-inlay.jpg; /assets/images/double-height-lotus-backlit.jpg; /assets/images/stone-carving.jpg; /assets/images/jaipur-artisan.jpg","Floral Stone Art Architectural Handcrafted Natural Stone Carving - Shree Ram &amp; Company Jaipur - View 1; Floral Stone Art Architectural Handcrafted Natural Stone Carving - Shree Ram &amp; Company Jaipur - View 2; Floral Stone Art Architectural Handcrafted Natural Stone Carving - Shree Ram &amp; Company Jaipur - View 3; Floral Stone Art Architectural Handcrafted Natural Stone Carving - Shree Ram &amp; Company Jaipur - View 4; Floral Stone Art Architectural Handcrafted Natural Stone Carving - Shree Ram &amp; Company Jaipur - View 5"
"murals-wall-art/index.html","Product Card (Slider)","Radhe Krishna Stone Art & Mural","radhe-krishna-stone-art-mural","5","/assets/images/radhe-krishna-mural.jpg; /assets/images/mural-art.jpg; /assets/images/jaipur-artisan.jpg; /assets/images/stone-carving.jpg; /assets/images/statue.jpg","Radhe Krishna Stone Art & Mural Architectural Handcrafted Natural Stone Carving - Shree Ram &amp; Company Jaipur - View 1; Radhe Krishna Stone Art & Mural Architectural Handcrafted Natural Stone Carving - Shree Ram &amp; Company Jaipur - View 2; Radhe Krishna Stone Art & Mural Architectural Handcrafted Natural Stone Carving - Shree Ram &amp; Company Jaipur - View 3; Radhe Krishna Stone Art & Mural Architectural Handcrafted Natural Stone Carving - Shree Ram &amp; Company Jaipur - View 4; Radhe Krishna Stone Art & Mural Architectural Handcrafted Natural Stone Carving - Shree Ram &amp; Company Jaipur - View 5"
"murals-wall-art/index.html","Product Card (Slider)","Buddha Stone Art & Mural","buddha-stone-art-mural","5","/assets/images/statue.jpg; /assets/images/mural-art.jpg; /assets/images/jaipur-artisan.jpg; /assets/images/stone-wall-panel.jpg; /assets/images/stone-carving.jpg","Buddha Stone Art & Mural Architectural Handcrafted Natural Stone Carving - Shree Ram &amp; Company Jaipur - View 1; Buddha Stone Art & Mural Architectural Handcrafted Natural Stone Carving - Shree Ram &amp; Company Jaipur - View 2; Buddha Stone Art & Mural Architectural Handcrafted Natural Stone Carving - Shree Ram &amp; Company Jaipur - View 3; Buddha Stone Art & Mural Architectural Handcrafted Natural Stone Carving - Shree Ram &amp; Company Jaipur - View 4; Buddha Stone Art & Mural Architectural Handcrafted Natural Stone Carving - Shree Ram &amp; Company Jaipur - View 5"
"murals-wall-art/index.html","Product Card (Slider)","Hanuman Ji Stone Art & Mural","hanuman-ji-stone-art-mural","5","/assets/images/hanuman-ji-mural.jpg; /assets/images/stone-carving.jpg; /assets/images/mural-art.jpg; /assets/images/jaipur-artisan.jpg; /assets/images/statue.jpg","Hanuman Ji Stone Art & Mural Architectural Handcrafted Natural Stone Carving - Shree Ram &amp; Company Jaipur - View 1; Hanuman Ji Stone Art & Mural Architectural Handcrafted Natural Stone Carving - Shree Ram &amp; Company Jaipur - View 2; Hanuman Ji Stone Art & Mural Architectural Handcrafted Natural Stone Carving - Shree Ram &amp; Company Jaipur - View 3; Hanuman Ji Stone Art & Mural Architectural Handcrafted Natural Stone Carving - Shree Ram &amp; Company Jaipur - View 4; Hanuman Ji Stone Art & Mural Architectural Handcrafted Natural Stone Carving - Shree Ram &amp; Company Jaipur - View 5"
"murals-wall-art/index.html","Product Card (Slider)","Durga Mata Ji Stone Art & Mural","durga-mata-ji-stone-art-mural","5","/assets/images/durga-mata-mural.jpg; /assets/images/mural-art.jpg; /assets/images/statue.jpg; /assets/images/jaipur-artisan.jpg; /assets/images/marble-temple.jpg","Durga Mata Ji Stone Art & Mural Architectural Handcrafted Natural Stone Carving - Shree Ram &amp; Company Jaipur - View 1; Durga Mata Ji Stone Art & Mural Architectural Handcrafted Natural Stone Carving - Shree Ram &amp; Company Jaipur - View 2; Durga Mata Ji Stone Art & Mural Architectural Handcrafted Natural Stone Carving - Shree Ram &amp; Company Jaipur - View 3; Durga Mata Ji Stone Art & Mural Architectural Handcrafted Natural Stone Carving - Shree Ram &amp; Company Jaipur - View 4; Durga Mata Ji Stone Art & Mural Architectural Handcrafted Natural Stone Carving - Shree Ram &amp; Company Jaipur - View 5"
"murals-wall-art/index.html","Product Card (Slider)","Ganesh Ji Stone Art & Mural","ganesh-ji-stone-art-mural","5","/assets/images/ganesh-ji-mural.jpg; /assets/images/jaipur-artisan.jpg; /assets/images/mural-art.jpg; /assets/images/stone-carving.jpg; /assets/images/statue.jpg","Ganesh Ji Stone Art & Mural Architectural Handcrafted Natural Stone Carving - Shree Ram &amp; Company Jaipur - View 1; Ganesh Ji Stone Art & Mural Architectural Handcrafted Natural Stone Carving - Shree Ram &amp; Company Jaipur - View 2; Ganesh Ji Stone Art & Mural Architectural Handcrafted Natural Stone Carving - Shree Ram &amp; Company Jaipur - View 3; Ganesh Ji Stone Art & Mural Architectural Handcrafted Natural Stone Carving - Shree Ram &amp; Company Jaipur - View 4; Ganesh Ji Stone Art & Mural Architectural Handcrafted Natural Stone Carving - Shree Ram &amp; Company Jaipur - View 5"
"murals-wall-art/index.html","Product Card (Slider)","Laxmi Ji Stone Art & Mural","laxmi-ji-stone-art-mural","5","/assets/images/mural-art.jpg; /assets/images/double-height-lotus-backlit.jpg; /assets/images/jaipur-artisan.jpg; /assets/images/statue.jpg; /assets/images/stone-carving.jpg","Laxmi Ji Stone Art & Mural Architectural Handcrafted Natural Stone Carving - Shree Ram &amp; Company Jaipur - View 1; Laxmi Ji Stone Art & Mural Architectural Handcrafted Natural Stone Carving - Shree Ram &amp; Company Jaipur - View 2; Laxmi Ji Stone Art & Mural Architectural Handcrafted Natural Stone Carving - Shree Ram &amp; Company Jaipur - View 3; Laxmi Ji Stone Art & Mural Architectural Handcrafted Natural Stone Carving - Shree Ram &amp; Company Jaipur - View 4; Laxmi Ji Stone Art & Mural Architectural Handcrafted Natural Stone Carving - Shree Ram &amp; Company Jaipur - View 5"
"murals-wall-art/index.html","Product Card (Slider)","Ram Darbar Stone Art & Mural","ram-darbar-stone-art-mural","5","/assets/images/ram-darbar-mural.jpg; /assets/images/marble-temple.jpg; /assets/images/mural-art.jpg; /assets/images/jaipur-artisan.jpg; /assets/images/stone-carving.jpg","Ram Darbar Stone Art & Mural Architectural Handcrafted Natural Stone Carving - Shree Ram &amp; Company Jaipur - View 1; Ram Darbar Stone Art & Mural Architectural Handcrafted Natural Stone Carving - Shree Ram &amp; Company Jaipur - View 2; Ram Darbar Stone Art & Mural Architectural Handcrafted Natural Stone Carving - Shree Ram &amp; Company Jaipur - View 3; Ram Darbar Stone Art & Mural Architectural Handcrafted Natural Stone Carving - Shree Ram &amp; Company Jaipur - View 4; Ram Darbar Stone Art & Mural Architectural Handcrafted Natural Stone Carving - Shree Ram &amp; Company Jaipur - View 5"
"murals-wall-art/index.html","Product Card (Slider)","Shiv Ji Stone Art & Mural","shiv-ji-stone-art-mural","5","/assets/images/shiv-ji-mural.jpg; /assets/images/statue.jpg; /assets/images/mural-art.jpg; /assets/images/stone-carving.jpg; /assets/images/jaipur-artisan.jpg","Shiv Ji Stone Art & Mural Architectural Handcrafted Natural Stone Carving - Shree Ram &amp; Company Jaipur - View 1; Shiv Ji Stone Art & Mural Architectural Handcrafted Natural Stone Carving - Shree Ram &amp; Company Jaipur - View 2; Shiv Ji Stone Art & Mural Architectural Handcrafted Natural Stone Carving - Shree Ram &amp; Company Jaipur - View 3; Shiv Ji Stone Art & Mural Architectural Handcrafted Natural Stone Carving - Shree Ram &amp; Company Jaipur - View 4; Shiv Ji Stone Art & Mural Architectural Handcrafted Natural Stone Carving - Shree Ram &amp; Company Jaipur - View 5"
"murals-wall-art/index.html","Product Card (Slider)","Swaminarayan Ji Stone Art & Mural","swaminarayan-ji-stone-art-mural","5","/assets/images/marble-temple.jpg; /assets/images/stone-carving.jpg; /assets/images/mural-art.jpg; /assets/images/jaipur-artisan.jpg; /assets/images/pillar.jpg","Swaminarayan Ji Stone Art & Mural Architectural Handcrafted Natural Stone Carving - Shree Ram &amp; Company Jaipur - View 1; Swaminarayan Ji Stone Art & Mural Architectural Handcrafted Natural Stone Carving - Shree Ram &amp; Company Jaipur - View 2; Swaminarayan Ji Stone Art & Mural Architectural Handcrafted Natural Stone Carving - Shree Ram &amp; Company Jaipur - View 3; Swaminarayan Ji Stone Art & Mural Architectural Handcrafted Natural Stone Carving - Shree Ram &amp; Company Jaipur - View 4; Swaminarayan Ji Stone Art & Mural Architectural Handcrafted Natural Stone Carving - Shree Ram &amp; Company Jaipur - View 5"
"murals-wall-art/index.html","Product Card (Slider)","Shreenath Ji Stone Art & Mural","shreenath-ji-stone-art-mural","5","/assets/images/mural-art.jpg; /assets/images/jaipur-artisan.jpg; /assets/images/double-height-lotus-backlit.jpg; /assets/images/stone-carving.jpg; /assets/images/statue.jpg","Shreenath Ji Stone Art & Mural Architectural Handcrafted Natural Stone Carving - Shree Ram &amp; Company Jaipur - View 1; Shreenath Ji Stone Art & Mural Architectural Handcrafted Natural Stone Carving - Shree Ram &amp; Company Jaipur - View 2; Shreenath Ji Stone Art & Mural Architectural Handcrafted Natural Stone Carving - Shree Ram &amp; Company Jaipur - View 3; Shreenath Ji Stone Art & Mural Architectural Handcrafted Natural Stone Carving - Shree Ram &amp; Company Jaipur - View 4; Shreenath Ji Stone Art & Mural Architectural Handcrafted Natural Stone Carving - Shree Ram &amp; Company Jaipur - View 5"
"murals-wall-art/index.html","Product Card (Slider)","Village Stone Art & Mural","village-stone-art-mural","5","/assets/images/jaipur-artisan.jpg; /assets/images/stone-carving.jpg; /assets/images/mural-art.jpg; /assets/images/staircase-maple-leaf-relief.jpg; /assets/images/stone-wall-panel.jpg","Village Stone Art & Mural Architectural Handcrafted Natural Stone Carving - Shree Ram &amp; Company Jaipur - View 1; Village Stone Art & Mural Architectural Handcrafted Natural Stone Carving - Shree Ram &amp; Company Jaipur - View 2; Village Stone Art & Mural Architectural Handcrafted Natural Stone Carving - Shree Ram &amp; Company Jaipur - View 3; Village Stone Art & Mural Architectural Handcrafted Natural Stone Carving - Shree Ram &amp; Company Jaipur - View 4; Village Stone Art & Mural Architectural Handcrafted Natural Stone Carving - Shree Ram &amp; Company Jaipur - View 5"
"murals-wall-art/index.html","Product Card (Slider)","Floral Stone Art","floral-stone-art","5","/assets/images/floral-stone-art.jpg; /assets/images/marble-inlay.jpg; /assets/images/double-height-lotus-backlit.jpg; /assets/images/stone-carving.jpg; /assets/images/jaipur-artisan.jpg","Floral Stone Art Architectural Handcrafted Natural Stone Carving - Shree Ram &amp; Company Jaipur - View 1; Floral Stone Art Architectural Handcrafted Natural Stone Carving - Shree Ram &amp; Company Jaipur - View 2; Floral Stone Art Architectural Handcrafted Natural Stone Carving - Shree Ram &amp; Company Jaipur - View 3; Floral Stone Art Architectural Handcrafted Natural Stone Carving - Shree Ram &amp; Company Jaipur - View 4; Floral Stone Art Architectural Handcrafted Natural Stone Carving - Shree Ram &amp; Company Jaipur - View 5"
"stone-wall-panels/index.html","Product Card (Slider)","Fluted Stone Panels","fluted-stone-panels","5","/assets/images/stone-wall-panel.jpg; /assets/images/double-height-medallion-facade.jpg; /assets/images/jaipur-artisan.jpg; /assets/images/stone-carving.jpg; /assets/images/stone-jali.jpg","Fluted Stone Panels Architectural Handcrafted Natural Stone Carving - Shree Ram &amp; Company Jaipur - View 1; Fluted Stone Panels Architectural Handcrafted Natural Stone Carving - Shree Ram &amp; Company Jaipur - View 2; Fluted Stone Panels Architectural Handcrafted Natural Stone Carving - Shree Ram &amp; Company Jaipur - View 3; Fluted Stone Panels Architectural Handcrafted Natural Stone Carving - Shree Ram &amp; Company Jaipur - View 4; Fluted Stone Panels Architectural Handcrafted Natural Stone Carving - Shree Ram &amp; Company Jaipur - View 5"
"stone-wall-panels/index.html","Product Card (Slider)","Textured Stone Panels","textured-stone-panels","5","/assets/images/jaipur-artisan.jpg; /assets/images/stone-wall-panel.jpg; /assets/images/staircase-maple-leaf-relief.jpg; /assets/images/stone-carving.jpg; /assets/images/double-height-medallion-facade.jpg","Textured Stone Panels Architectural Handcrafted Natural Stone Carving - Shree Ram &amp; Company Jaipur - View 1; Textured Stone Panels Architectural Handcrafted Natural Stone Carving - Shree Ram &amp; Company Jaipur - View 2; Textured Stone Panels Architectural Handcrafted Natural Stone Carving - Shree Ram &amp; Company Jaipur - View 3; Textured Stone Panels Architectural Handcrafted Natural Stone Carving - Shree Ram &amp; Company Jaipur - View 4; Textured Stone Panels Architectural Handcrafted Natural Stone Carving - Shree Ram &amp; Company Jaipur - View 5"
"stone-wall-panels/index.html","Product Card (Slider)","Wave Stone Panels","wave-stone-panels","5","/assets/images/stone-wall-panel.jpg; /assets/images/staircase-ginkgo-backlit-panel.jpg; /assets/images/double-height-lotus-backlit.jpg; /assets/images/jaipur-artisan.jpg; /assets/images/stone-carving.jpg","Wave Stone Panels Architectural Handcrafted Natural Stone Carving - Shree Ram &amp; Company Jaipur - View 1; Wave Stone Panels Architectural Handcrafted Natural Stone Carving - Shree Ram &amp; Company Jaipur - View 2; Wave Stone Panels Architectural Handcrafted Natural Stone Carving - Shree Ram &amp; Company Jaipur - View 3; Wave Stone Panels Architectural Handcrafted Natural Stone Carving - Shree Ram &amp; Company Jaipur - View 4; Wave Stone Panels Architectural Handcrafted Natural Stone Carving - Shree Ram &amp; Company Jaipur - View 5"
"stone-wall-panels/index.html","Product Card (Slider)","Geometrical Stone Panels","geometrical-stone-panels","5","/assets/images/stone-jali.jpg; /assets/images/stone-wall-panel.jpg; /assets/images/jaipur-artisan.jpg; /assets/images/double-height-medallion-facade.jpg; /assets/images/stone-carving.jpg","Geometrical Stone Panels Architectural Handcrafted Natural Stone Carving - Shree Ram &amp; Company Jaipur - View 1; Geometrical Stone Panels Architectural Handcrafted Natural Stone Carving - Shree Ram &amp; Company Jaipur - View 2; Geometrical Stone Panels Architectural Handcrafted Natural Stone Carving - Shree Ram &amp; Company Jaipur - View 3; Geometrical Stone Panels Architectural Handcrafted Natural Stone Carving - Shree Ram &amp; Company Jaipur - View 4; Geometrical Stone Panels Architectural Handcrafted Natural Stone Carving - Shree Ram &amp; Company Jaipur - View 5"
"mdf-hdmr-work/index.html","Product Card (Slider)","MDF HDMR Wall Panels","mdf-hdmr-wall-panels","5","/assets/images/mdf-work.jpg; /assets/images/mdf-jali.jpg; /assets/images/stone-wall-panel.jpg; /assets/images/jaipur-artisan.jpg; /assets/images/stone-carving.jpg","MDF HDMR Wall Panels Architectural Handcrafted Natural Stone Carving - Shree Ram &amp; Company Jaipur - View 1; MDF HDMR Wall Panels Architectural Handcrafted Natural Stone Carving - Shree Ram &amp; Company Jaipur - View 2; MDF HDMR Wall Panels Architectural Handcrafted Natural Stone Carving - Shree Ram &amp; Company Jaipur - View 3; MDF HDMR Wall Panels Architectural Handcrafted Natural Stone Carving - Shree Ram &amp; Company Jaipur - View 4; MDF HDMR Wall Panels Architectural Handcrafted Natural Stone Carving - Shree Ram &amp; Company Jaipur - View 5"
"mdf-hdmr-work/index.html","Product Card (Slider)","Fluted MDF Panels","fluted-mdf-panels","5","/assets/images/mdf-jali.jpg; /assets/images/mdf-work.jpg; /assets/images/stone-wall-panel.jpg; /assets/images/jaipur-artisan.jpg; /assets/images/stone-jali.jpg","Fluted MDF Panels Architectural Handcrafted Natural Stone Carving - Shree Ram &amp; Company Jaipur - View 1; Fluted MDF Panels Architectural Handcrafted Natural Stone Carving - Shree Ram &amp; Company Jaipur - View 2; Fluted MDF Panels Architectural Handcrafted Natural Stone Carving - Shree Ram &amp; Company Jaipur - View 3; Fluted MDF Panels Architectural Handcrafted Natural Stone Carving - Shree Ram &amp; Company Jaipur - View 4; Fluted MDF Panels Architectural Handcrafted Natural Stone Carving - Shree Ram &amp; Company Jaipur - View 5"
"mdf-hdmr-work/index.html","Product Card (Slider)","Textured MDF Panels","textured-mdf-panels","5","/assets/images/mdf-work.jpg; /assets/images/mdf-jali.jpg; /assets/images/jaipur-artisan.jpg; /assets/images/stone-wall-panel.jpg; /assets/images/stone-carving.jpg","Textured MDF Panels Architectural Handcrafted Natural Stone Carving - Shree Ram &amp; Company Jaipur - View 1; Textured MDF Panels Architectural Handcrafted Natural Stone Carving - Shree Ram &amp; Company Jaipur - View 2; Textured MDF Panels Architectural Handcrafted Natural Stone Carving - Shree Ram &amp; Company Jaipur - View 3; Textured MDF Panels Architectural Handcrafted Natural Stone Carving - Shree Ram &amp; Company Jaipur - View 4; Textured MDF Panels Architectural Handcrafted Natural Stone Carving - Shree Ram &amp; Company Jaipur - View 5"
"mdf-hdmr-work/index.html","Product Card (Slider)","Wave MDF Panels","wave-mdf-panels","5","/assets/images/mdf-work.jpg; /assets/images/mdf-jali.jpg; /assets/images/stone-wall-panel.jpg; /assets/images/jaipur-artisan.jpg; /assets/images/double-height-lotus-backlit.jpg","Wave MDF Panels Architectural Handcrafted Natural Stone Carving - Shree Ram &amp; Company Jaipur - View 1; Wave MDF Panels Architectural Handcrafted Natural Stone Carving - Shree Ram &amp; Company Jaipur - View 2; Wave MDF Panels Architectural Handcrafted Natural Stone Carving - Shree Ram &amp; Company Jaipur - View 3; Wave MDF Panels Architectural Handcrafted Natural Stone Carving - Shree Ram &amp; Company Jaipur - View 4; Wave MDF Panels Architectural Handcrafted Natural Stone Carving - Shree Ram &amp; Company Jaipur - View 5"
"mdf-hdmr-work/index.html","Product Card (Slider)","Geometrical MDF Panels","geometrical-mdf-panels","5","/assets/images/mdf-jali.jpg; /assets/images/mdf-work.jpg; /assets/images/jaipur-artisan.jpg; /assets/images/stone-jali.jpg; /assets/images/stone-wall-panel.jpg","Geometrical MDF Panels Architectural Handcrafted Natural Stone Carving - Shree Ram &amp; Company Jaipur - View 1; Geometrical MDF Panels Architectural Handcrafted Natural Stone Carving - Shree Ram &amp; Company Jaipur - View 2; Geometrical MDF Panels Architectural Handcrafted Natural Stone Carving - Shree Ram &amp; Company Jaipur - View 3; Geometrical MDF Panels Architectural Handcrafted Natural Stone Carving - Shree Ram &amp; Company Jaipur - View 4; Geometrical MDF Panels Architectural Handcrafted Natural Stone Carving - Shree Ram &amp; Company Jaipur - View 5"
"elevation-facade/index.html","Product Card (Slider)","Palatial Sandstone Elevation Facade","palatial-sandstone-elevation-facade","5","/assets/images/elevation-facade.jpg; /assets/images/double-height-medallion-facade.jpg; /assets/images/wall-cladding.jpg; /assets/images/pillar.jpg; /assets/images/arch-mehrab.jpg","Palatial Sandstone Elevation Facade Architectural Handcrafted Natural Stone Carving - Shree Ram &amp; Company Jaipur - View 1; Palatial Sandstone Elevation Facade Architectural Handcrafted Natural Stone Carving - Shree Ram &amp; Company Jaipur - View 2; Palatial Sandstone Elevation Facade Architectural Handcrafted Natural Stone Carving - Shree Ram &amp; Company Jaipur - View 3; Palatial Sandstone Elevation Facade Architectural Handcrafted Natural Stone Carving - Shree Ram &amp; Company Jaipur - View 4; Palatial Sandstone Elevation Facade Architectural Handcrafted Natural Stone Carving - Shree Ram &amp; Company Jaipur - View 5"
"elevation-facade/index.html","Product Card (Slider)","Modern Minimalist Stone Facade","modern-minimalist-stone-facade","5","/assets/images/wall-cladding.jpg; /assets/images/elevation-facade.jpg; /assets/images/stone-wall-panel.jpg; /assets/images/double-height-medallion-facade.jpg; /assets/images/jaipur-artisan.jpg","Modern Minimalist Stone Facade Architectural Handcrafted Natural Stone Carving - Shree Ram &amp; Company Jaipur - View 1; Modern Minimalist Stone Facade Architectural Handcrafted Natural Stone Carving - Shree Ram &amp; Company Jaipur - View 2; Modern Minimalist Stone Facade Architectural Handcrafted Natural Stone Carving - Shree Ram &amp; Company Jaipur - View 3; Modern Minimalist Stone Facade Architectural Handcrafted Natural Stone Carving - Shree Ram &amp; Company Jaipur - View 4; Modern Minimalist Stone Facade Architectural Handcrafted Natural Stone Carving - Shree Ram &amp; Company Jaipur - View 5"
"elevation-facade/index.html","Product Card (Slider)","Heritage Haveli Front Elevation","heritage-haveli-front-elevation","5","/assets/images/elevation-facade.jpg; /assets/images/arch-mehrab.jpg; /assets/images/stone-carving.jpg; /assets/images/temple.jpg; /assets/images/wall-cladding.jpg","Heritage Haveli Front Elevation Architectural Handcrafted Natural Stone Carving - Shree Ram &amp; Company Jaipur - View 1; Heritage Haveli Front Elevation Architectural Handcrafted Natural Stone Carving - Shree Ram &amp; Company Jaipur - View 2; Heritage Haveli Front Elevation Architectural Handcrafted Natural Stone Carving - Shree Ram &amp; Company Jaipur - View 3; Heritage Haveli Front Elevation Architectural Handcrafted Natural Stone Carving - Shree Ram &amp; Company Jaipur - View 4; Heritage Haveli Front Elevation Architectural Handcrafted Natural Stone Carving - Shree Ram &amp; Company Jaipur - View 5"
"customised-name-plate/index.html","Product Card (Slider)","Backlit Engraved Stone Villa Name Plate","backlit-engraved-stone-villa-name-plate","5","/assets/images/customised-name-plate.jpg; /assets/images/elevation-facade.jpg; /assets/images/stone-carving.jpg; /assets/images/marble-inlay.jpg; /assets/images/jaipur-artisan.jpg","Backlit Engraved Stone Villa Name Plate Architectural Handcrafted Natural Stone Carving - Shree Ram &amp; Company Jaipur - View 1; Backlit Engraved Stone Villa Name Plate Architectural Handcrafted Natural Stone Carving - Shree Ram &amp; Company Jaipur - View 2; Backlit Engraved Stone Villa Name Plate Architectural Handcrafted Natural Stone Carving - Shree Ram &amp; Company Jaipur - View 3; Backlit Engraved Stone Villa Name Plate Architectural Handcrafted Natural Stone Carving - Shree Ram &amp; Company Jaipur - View 4; Backlit Engraved Stone Villa Name Plate Architectural Handcrafted Natural Stone Carving - Shree Ram &amp; Company Jaipur - View 5"
"customised-name-plate/index.html","Product Card (Slider)","Heritage Jharokha Carved House Nameplate","heritage-jharokha-carved-house-nameplate","5","/assets/images/customised-name-plate.jpg; /assets/images/arch-mehrab.jpg; /assets/images/stone-jali.jpg; /assets/images/jaipur-artisan.jpg; /assets/images/elevation-facade.jpg","Heritage Jharokha Carved House Nameplate Architectural Handcrafted Natural Stone Carving - Shree Ram &amp; Company Jaipur - View 1; Heritage Jharokha Carved House Nameplate Architectural Handcrafted Natural Stone Carving - Shree Ram &amp; Company Jaipur - View 2; Heritage Jharokha Carved House Nameplate Architectural Handcrafted Natural Stone Carving - Shree Ram &amp; Company Jaipur - View 3; Heritage Jharokha Carved House Nameplate Architectural Handcrafted Natural Stone Carving - Shree Ram &amp; Company Jaipur - View 4; Heritage Jharokha Carved House Nameplate Architectural Handcrafted Natural Stone Carving - Shree Ram &amp; Company Jaipur - View 5"
"customised-name-plate/index.html","Product Card (Slider)","Contemporary Floating 3D Letter Stone Plaque","contemporary-floating-3d-letter-stone-plaque","5","/assets/images/customised-name-plate.jpg; /assets/images/stone-wall-panel.jpg; /assets/images/elevation-facade.jpg; /assets/images/stone-carving.jpg; /assets/images/jaipur-artisan.jpg","Contemporary Floating 3D Letter Stone Plaque Architectural Handcrafted Natural Stone Carving - Shree Ram &amp; Company Jaipur - View 1; Contemporary Floating 3D Letter Stone Plaque Architectural Handcrafted Natural Stone Carving - Shree Ram &amp; Company Jaipur - View 2; Contemporary Floating 3D Letter Stone Plaque Architectural Handcrafted Natural Stone Carving - Shree Ram &amp; Company Jaipur - View 3; Contemporary Floating 3D Letter Stone Plaque Architectural Handcrafted Natural Stone Carving - Shree Ram &amp; Company Jaipur - View 4; Contemporary Floating 3D Letter Stone Plaque Architectural Handcrafted Natural Stone Carving - Shree Ram &amp; Company Jaipur - View 5"
"wall-cladding/index.html","Product Card (Slider)","Natural Split-Face Sandstone Cladding","natural-split-face-sandstone-cladding","5","/assets/images/wall-cladding.jpg; /assets/images/elevation-facade.jpg; /assets/images/stone-wall-panel.jpg; /assets/images/jaipur-artisan.jpg; /assets/images/double-height-medallion-facade.jpg","Natural Split-Face Sandstone Cladding Architectural Handcrafted Natural Stone Carving - Shree Ram &amp; Company Jaipur - View 1; Natural Split-Face Sandstone Cladding Architectural Handcrafted Natural Stone Carving - Shree Ram &amp; Company Jaipur - View 2; Natural Split-Face Sandstone Cladding Architectural Handcrafted Natural Stone Carving - Shree Ram &amp; Company Jaipur - View 3; Natural Split-Face Sandstone Cladding Architectural Handcrafted Natural Stone Carving - Shree Ram &amp; Company Jaipur - View 4; Natural Split-Face Sandstone Cladding Architectural Handcrafted Natural Stone Carving - Shree Ram &amp; Company Jaipur - View 5"
"wall-cladding/index.html","Product Card (Slider)","Dry Stone Mechanical Cladding Panels","dry-stone-mechanical-cladding-panels","5","/assets/images/wall-cladding.jpg; /assets/images/stone-wall-panel.jpg; /assets/images/elevation-facade.jpg; /assets/images/double-height-medallion-facade.jpg; /assets/images/jaipur-artisan.jpg","Dry Stone Mechanical Cladding Panels Architectural Handcrafted Natural Stone Carving - Shree Ram &amp; Company Jaipur - View 1; Dry Stone Mechanical Cladding Panels Architectural Handcrafted Natural Stone Carving - Shree Ram &amp; Company Jaipur - View 2; Dry Stone Mechanical Cladding Panels Architectural Handcrafted Natural Stone Carving - Shree Ram &amp; Company Jaipur - View 3; Dry Stone Mechanical Cladding Panels Architectural Handcrafted Natural Stone Carving - Shree Ram &amp; Company Jaipur - View 4; Dry Stone Mechanical Cladding Panels Architectural Handcrafted Natural Stone Carving - Shree Ram &amp; Company Jaipur - View 5"
"wall-cladding/index.html","Product Card (Slider)","Curved Architectural Fluted Cladding","curved-architectural-fluted-cladding","5","/assets/images/wall-cladding.jpg; /assets/images/double-height-medallion-facade.jpg; /assets/images/elevation-facade.jpg; /assets/images/stone-wall-panel.jpg; /assets/images/jaipur-artisan.jpg","Curved Architectural Fluted Cladding Architectural Handcrafted Natural Stone Carving - Shree Ram &amp; Company Jaipur - View 1; Curved Architectural Fluted Cladding Architectural Handcrafted Natural Stone Carving - Shree Ram &amp; Company Jaipur - View 2; Curved Architectural Fluted Cladding Architectural Handcrafted Natural Stone Carving - Shree Ram &amp; Company Jaipur - View 3; Curved Architectural Fluted Cladding Architectural Handcrafted Natural Stone Carving - Shree Ram &amp; Company Jaipur - View 4; Curved Architectural Fluted Cladding Architectural Handcrafted Natural Stone Carving - Shree Ram &amp; Company Jaipur - View 5"
"garden-article/index.html","Product Card (Slider)","Artisan Carved Stone Garden Benches","artisan-carved-stone-garden-benches","5","/assets/images/garden-article.jpg; /assets/images/water-fountain.jpg; /assets/images/gazebo.jpg; /assets/images/stone-carving.jpg; /assets/images/jaipur-artisan.jpg","Artisan Carved Stone Garden Benches Architectural Handcrafted Natural Stone Carving - Shree Ram &amp; Company Jaipur - View 1; Artisan Carved Stone Garden Benches Architectural Handcrafted Natural Stone Carving - Shree Ram &amp; Company Jaipur - View 2; Artisan Carved Stone Garden Benches Architectural Handcrafted Natural Stone Carving - Shree Ram &amp; Company Jaipur - View 3; Artisan Carved Stone Garden Benches Architectural Handcrafted Natural Stone Carving - Shree Ram &amp; Company Jaipur - View 4; Artisan Carved Stone Garden Benches Architectural Handcrafted Natural Stone Carving - Shree Ram &amp; Company Jaipur - View 5"
"garden-article/index.html","Product Card (Slider)","Ornamental Stone Planters & Urns","ornamental-stone-planters-urns","5","/assets/images/garden-article.jpg; /assets/images/water-fountain.jpg; /assets/images/stone-carving.jpg; /assets/images/jaipur-artisan.jpg; /assets/images/gazebo.jpg","Ornamental Stone Planters & Urns Architectural Handcrafted Natural Stone Carving - Shree Ram &amp; Company Jaipur - View 1; Ornamental Stone Planters & Urns Architectural Handcrafted Natural Stone Carving - Shree Ram &amp; Company Jaipur - View 2; Ornamental Stone Planters & Urns Architectural Handcrafted Natural Stone Carving - Shree Ram &amp; Company Jaipur - View 3; Ornamental Stone Planters & Urns Architectural Handcrafted Natural Stone Carving - Shree Ram &amp; Company Jaipur - View 4; Ornamental Stone Planters & Urns Architectural Handcrafted Natural Stone Carving - Shree Ram &amp; Company Jaipur - View 5"
"garden-article/index.html","Product Card (Slider)","Architectural Garden Lanterns (Kasuga/Pagoda)","architectural-garden-lanterns-kasuga-pagoda","5","/assets/images/garden-article.jpg; /assets/images/water-fountain.jpg; /assets/images/gazebo.jpg; /assets/images/pillar.jpg; /assets/images/jaipur-artisan.jpg","Architectural Garden Lanterns (Kasuga/Pagoda) Architectural Handcrafted Natural Stone Carving - Shree Ram &amp; Company Jaipur - View 1; Architectural Garden Lanterns (Kasuga/Pagoda) Architectural Handcrafted Natural Stone Carving - Shree Ram &amp; Company Jaipur - View 2; Architectural Garden Lanterns (Kasuga/Pagoda) Architectural Handcrafted Natural Stone Carving - Shree Ram &amp; Company Jaipur - View 3; Architectural Garden Lanterns (Kasuga/Pagoda) Architectural Handcrafted Natural Stone Carving - Shree Ram &amp; Company Jaipur - View 4; Architectural Garden Lanterns (Kasuga/Pagoda) Architectural Handcrafted Natural Stone Carving - Shree Ram &amp; Company Jaipur - View 5"
"marble-temple/index.html","Product Card (Slider)","Grand Makrana Marble Mandir","grand-makrana-marble-mandir","5","/assets/images/marble-temple.jpg; /assets/images/temple.jpg; /assets/images/pooja-room.jpg; /assets/images/pillar.jpg; /assets/images/jaipur-artisan.jpg","Grand Makrana Marble Mandir Architectural Handcrafted Natural Stone Carving - Shree Ram &amp; Company Jaipur - View 1; Grand Makrana Marble Mandir Architectural Handcrafted Natural Stone Carving - Shree Ram &amp; Company Jaipur - View 2; Grand Makrana Marble Mandir Architectural Handcrafted Natural Stone Carving - Shree Ram &amp; Company Jaipur - View 3; Grand Makrana Marble Mandir Architectural Handcrafted Natural Stone Carving - Shree Ram &amp; Company Jaipur - View 4; Grand Makrana Marble Mandir Architectural Handcrafted Natural Stone Carving - Shree Ram &amp; Company Jaipur - View 5"
"marble-temple/index.html","Product Card (Slider)","Bespoke Home Pooja Mandir in Marble","bespoke-home-pooja-mandir-in-marble","5","/assets/images/temple.jpg; /assets/images/marble-temple.jpg; /assets/images/pooja-room.jpg; /assets/images/stone-carving.jpg; /assets/images/jaipur-artisan.jpg","Bespoke Home Pooja Mandir in Marble Architectural Handcrafted Natural Stone Carving - Shree Ram &amp; Company Jaipur - View 1; Bespoke Home Pooja Mandir in Marble Architectural Handcrafted Natural Stone Carving - Shree Ram &amp; Company Jaipur - View 2; Bespoke Home Pooja Mandir in Marble Architectural Handcrafted Natural Stone Carving - Shree Ram &amp; Company Jaipur - View 3; Bespoke Home Pooja Mandir in Marble Architectural Handcrafted Natural Stone Carving - Shree Ram &amp; Company Jaipur - View 4; Bespoke Home Pooja Mandir in Marble Architectural Handcrafted Natural Stone Carving - Shree Ram &amp; Company Jaipur - View 5"
"marble-temple/index.html","Product Card (Slider)","Ornate Carved Marble Jharokha Mandir","ornate-carved-marble-jharokha-mandir","5","/assets/images/marble-temple.jpg; /assets/images/pooja-room.jpg; /assets/images/temple.jpg; /assets/images/arch-mehrab.jpg; /assets/images/jaipur-artisan.jpg","Ornate Carved Marble Jharokha Mandir Architectural Handcrafted Natural Stone Carving - Shree Ram &amp; Company Jaipur - View 1; Ornate Carved Marble Jharokha Mandir Architectural Handcrafted Natural Stone Carving - Shree Ram &amp; Company Jaipur - View 2; Ornate Carved Marble Jharokha Mandir Architectural Handcrafted Natural Stone Carving - Shree Ram &amp; Company Jaipur - View 3; Ornate Carved Marble Jharokha Mandir Architectural Handcrafted Natural Stone Carving - Shree Ram &amp; Company Jaipur - View 4; Ornate Carved Marble Jharokha Mandir Architectural Handcrafted Natural Stone Carving - Shree Ram &amp; Company Jaipur - View 5"
"stone-temple/index.html","Product Card (Slider)","Pink Sandstone Bansi Paharpur Mandir","pink-sandstone-bansi-paharpur-mandir","5","/assets/images/temple.jpg; /assets/images/marble-temple.jpg; /assets/images/pillar.jpg; /assets/images/stone-carving.jpg; /assets/images/jaipur-artisan.jpg","Pink Sandstone Bansi Paharpur Mandir Architectural Handcrafted Natural Stone Carving - Shree Ram &amp; Company Jaipur - View 1; Pink Sandstone Bansi Paharpur Mandir Architectural Handcrafted Natural Stone Carving - Shree Ram &amp; Company Jaipur - View 2; Pink Sandstone Bansi Paharpur Mandir Architectural Handcrafted Natural Stone Carving - Shree Ram &amp; Company Jaipur - View 3; Pink Sandstone Bansi Paharpur Mandir Architectural Handcrafted Natural Stone Carving - Shree Ram &amp; Company Jaipur - View 4; Pink Sandstone Bansi Paharpur Mandir Architectural Handcrafted Natural Stone Carving - Shree Ram &amp; Company Jaipur - View 5"
"stone-temple/index.html","Product Card (Slider)","Heritage Teak Sandstone Mandir","heritage-teak-sandstone-mandir","5","/assets/images/marble-temple.jpg; /assets/images/temple.jpg; /assets/images/arch-mehrab.jpg; /assets/images/stone-carving.jpg; /assets/images/jaipur-artisan.jpg","Heritage Teak Sandstone Mandir Architectural Handcrafted Natural Stone Carving - Shree Ram &amp; Company Jaipur - View 1; Heritage Teak Sandstone Mandir Architectural Handcrafted Natural Stone Carving - Shree Ram &amp; Company Jaipur - View 2; Heritage Teak Sandstone Mandir Architectural Handcrafted Natural Stone Carving - Shree Ram &amp; Company Jaipur - View 3; Heritage Teak Sandstone Mandir Architectural Handcrafted Natural Stone Carving - Shree Ram &amp; Company Jaipur - View 4; Heritage Teak Sandstone Mandir Architectural Handcrafted Natural Stone Carving - Shree Ram &amp; Company Jaipur - View 5"
"stone-temple/index.html","Product Card (Slider)","Community & Trust Stone Temple Project","community-trust-stone-temple-project","5","/assets/images/temple.jpg; /assets/images/pillar.jpg; /assets/images/arch-mehrab.jpg; /assets/images/marble-temple.jpg; /assets/images/jaipur-artisan.jpg","Community & Trust Stone Temple Project Architectural Handcrafted Natural Stone Carving - Shree Ram &amp; Company Jaipur - View 1; Community & Trust Stone Temple Project Architectural Handcrafted Natural Stone Carving - Shree Ram &amp; Company Jaipur - View 2; Community & Trust Stone Temple Project Architectural Handcrafted Natural Stone Carving - Shree Ram &amp; Company Jaipur - View 3; Community & Trust Stone Temple Project Architectural Handcrafted Natural Stone Carving - Shree Ram &amp; Company Jaipur - View 4; Community & Trust Stone Temple Project Architectural Handcrafted Natural Stone Carving - Shree Ram &amp; Company Jaipur - View 5"
"temple/index.html","Product Card (Slider)","Pink Sandstone Bansi Paharpur Mandir","pink-sandstone-bansi-paharpur-mandir","5","/assets/images/temple.jpg; /assets/images/marble-temple.jpg; /assets/images/pillar.jpg; /assets/images/stone-carving.jpg; /assets/images/jaipur-artisan.jpg","Pink Sandstone Bansi Paharpur Mandir Architectural Handcrafted Natural Stone Carving - Shree Ram &amp; Company Jaipur - View 1; Pink Sandstone Bansi Paharpur Mandir Architectural Handcrafted Natural Stone Carving - Shree Ram &amp; Company Jaipur - View 2; Pink Sandstone Bansi Paharpur Mandir Architectural Handcrafted Natural Stone Carving - Shree Ram &amp; Company Jaipur - View 3; Pink Sandstone Bansi Paharpur Mandir Architectural Handcrafted Natural Stone Carving - Shree Ram &amp; Company Jaipur - View 4; Pink Sandstone Bansi Paharpur Mandir Architectural Handcrafted Natural Stone Carving - Shree Ram &amp; Company Jaipur - View 5"
"temple/index.html","Product Card (Slider)","Heritage Teak Sandstone Mandir","heritage-teak-sandstone-mandir","5","/assets/images/marble-temple.jpg; /assets/images/temple.jpg; /assets/images/arch-mehrab.jpg; /assets/images/stone-carving.jpg; /assets/images/jaipur-artisan.jpg","Heritage Teak Sandstone Mandir Architectural Handcrafted Natural Stone Carving - Shree Ram &amp; Company Jaipur - View 1; Heritage Teak Sandstone Mandir Architectural Handcrafted Natural Stone Carving - Shree Ram &amp; Company Jaipur - View 2; Heritage Teak Sandstone Mandir Architectural Handcrafted Natural Stone Carving - Shree Ram &amp; Company Jaipur - View 3; Heritage Teak Sandstone Mandir Architectural Handcrafted Natural Stone Carving - Shree Ram &amp; Company Jaipur - View 4; Heritage Teak Sandstone Mandir Architectural Handcrafted Natural Stone Carving - Shree Ram &amp; Company Jaipur - View 5"
"temple/index.html","Product Card (Slider)","Community & Trust Stone Temple Project","community-trust-stone-temple-project","5","/assets/images/temple.jpg; /assets/images/pillar.jpg; /assets/images/arch-mehrab.jpg; /assets/images/marble-temple.jpg; /assets/images/jaipur-artisan.jpg","Community & Trust Stone Temple Project Architectural Handcrafted Natural Stone Carving - Shree Ram &amp; Company Jaipur - View 1; Community & Trust Stone Temple Project Architectural Handcrafted Natural Stone Carving - Shree Ram &amp; Company Jaipur - View 2; Community & Trust Stone Temple Project Architectural Handcrafted Natural Stone Carving - Shree Ram &amp; Company Jaipur - View 3; Community & Trust Stone Temple Project Architectural Handcrafted Natural Stone Carving - Shree Ram &amp; Company Jaipur - View 4; Community & Trust Stone Temple Project Architectural Handcrafted Natural Stone Carving - Shree Ram &amp; Company Jaipur - View 5"
"pooja-room/index.html","Product Card (Slider)","Complete Marble Pooja Room Sanctum","complete-marble-pooja-room-sanctum","5","/assets/images/pooja-room.jpg; /assets/images/marble-temple.jpg; /assets/images/marble-inlay.jpg; /assets/images/temple.jpg; /assets/images/stone-jali.jpg","Complete Marble Pooja Room Sanctum Architectural Handcrafted Natural Stone Carving - Shree Ram &amp; Company Jaipur - View 1; Complete Marble Pooja Room Sanctum Architectural Handcrafted Natural Stone Carving - Shree Ram &amp; Company Jaipur - View 2; Complete Marble Pooja Room Sanctum Architectural Handcrafted Natural Stone Carving - Shree Ram &amp; Company Jaipur - View 3; Complete Marble Pooja Room Sanctum Architectural Handcrafted Natural Stone Carving - Shree Ram &amp; Company Jaipur - View 4; Complete Marble Pooja Room Sanctum Architectural Handcrafted Natural Stone Carving - Shree Ram &amp; Company Jaipur - View 5"
"pooja-room/index.html","Product Card (Slider)","Sandstone & Wood Sanctum Enclosure","sandstone-wood-sanctum-enclosure","5","/assets/images/temple.jpg; /assets/images/pooja-room.jpg; /assets/images/stone-jali.jpg; /assets/images/mdf-jali.jpg; /assets/images/marble-temple.jpg","Sandstone & Wood Sanctum Enclosure Architectural Handcrafted Natural Stone Carving - Shree Ram &amp; Company Jaipur - View 1; Sandstone & Wood Sanctum Enclosure Architectural Handcrafted Natural Stone Carving - Shree Ram &amp; Company Jaipur - View 2; Sandstone & Wood Sanctum Enclosure Architectural Handcrafted Natural Stone Carving - Shree Ram &amp; Company Jaipur - View 3; Sandstone & Wood Sanctum Enclosure Architectural Handcrafted Natural Stone Carving - Shree Ram &amp; Company Jaipur - View 4; Sandstone & Wood Sanctum Enclosure Architectural Handcrafted Natural Stone Carving - Shree Ram &amp; Company Jaipur - View 5"
"marble-inlay/index.html","Product Card (Slider)","Royal Pietra Dura Floral Inlay Floor Medallion","royal-pietra-dura-floral-inlay-floor-medallion","5","/assets/images/marble-inlay.jpg; /assets/images/marble-table-tops.jpg; /assets/images/handicrafts.jpg; /assets/images/marble-temple.jpg; /assets/images/jaipur-artisan.jpg","Royal Pietra Dura Floral Inlay Floor Medallion Architectural Handcrafted Natural Stone Carving - Shree Ram &amp; Company Jaipur - View 1; Royal Pietra Dura Floral Inlay Floor Medallion Architectural Handcrafted Natural Stone Carving - Shree Ram &amp; Company Jaipur - View 2; Royal Pietra Dura Floral Inlay Floor Medallion Architectural Handcrafted Natural Stone Carving - Shree Ram &amp; Company Jaipur - View 3; Royal Pietra Dura Floral Inlay Floor Medallion Architectural Handcrafted Natural Stone Carving - Shree Ram &amp; Company Jaipur - View 4; Royal Pietra Dura Floral Inlay Floor Medallion Architectural Handcrafted Natural Stone Carving - Shree Ram &amp; Company Jaipur - View 5"
"marble-inlay/index.html","Product Card (Slider)","Bespoke Marble Inlay Border & Treads","bespoke-marble-inlay-border-treads","5","/assets/images/marble-inlay.jpg; /assets/images/marble-table-tops.jpg; /assets/images/stone-wall-panel.jpg; /assets/images/handicrafts.jpg; /assets/images/jaipur-artisan.jpg","Bespoke Marble Inlay Border & Treads Architectural Handcrafted Natural Stone Carving - Shree Ram &amp; Company Jaipur - View 1; Bespoke Marble Inlay Border & Treads Architectural Handcrafted Natural Stone Carving - Shree Ram &amp; Company Jaipur - View 2; Bespoke Marble Inlay Border & Treads Architectural Handcrafted Natural Stone Carving - Shree Ram &amp; Company Jaipur - View 3; Bespoke Marble Inlay Border & Treads Architectural Handcrafted Natural Stone Carving - Shree Ram &amp; Company Jaipur - View 4; Bespoke Marble Inlay Border & Treads Architectural Handcrafted Natural Stone Carving - Shree Ram &amp; Company Jaipur - View 5"
"statue/index.html","Product Card (Slider)","Divine Lord Ganesha Idol in Pure White Marble","divine-lord-ganesha-idol-in-pure-white-marble","5","/assets/images/statue.jpg; /assets/images/marble-temple.jpg; /assets/images/mural-art.jpg; /assets/images/stone-carving.jpg; /assets/images/jaipur-artisan.jpg","Divine Lord Ganesha Idol in Pure White Marble Architectural Handcrafted Natural Stone Carving - Shree Ram &amp; Company Jaipur - View 1; Divine Lord Ganesha Idol in Pure White Marble Architectural Handcrafted Natural Stone Carving - Shree Ram &amp; Company Jaipur - View 2; Divine Lord Ganesha Idol in Pure White Marble Architectural Handcrafted Natural Stone Carving - Shree Ram &amp; Company Jaipur - View 3; Divine Lord Ganesha Idol in Pure White Marble Architectural Handcrafted Natural Stone Carving - Shree Ram &amp; Company Jaipur - View 4; Divine Lord Ganesha Idol in Pure White Marble Architectural Handcrafted Natural Stone Carving - Shree Ram &amp; Company Jaipur - View 5"
"statue/index.html","Product Card (Slider)","Meditating Buddha Sculpture in Sandstone","meditating-buddha-sculpture-in-sandstone","5","/assets/images/statue.jpg; /assets/images/stone-carving.jpg; /assets/images/garden-article.jpg; /assets/images/water-fountain.jpg; /assets/images/jaipur-artisan.jpg","Meditating Buddha Sculpture in Sandstone Architectural Handcrafted Natural Stone Carving - Shree Ram &amp; Company Jaipur - View 1; Meditating Buddha Sculpture in Sandstone Architectural Handcrafted Natural Stone Carving - Shree Ram &amp; Company Jaipur - View 2; Meditating Buddha Sculpture in Sandstone Architectural Handcrafted Natural Stone Carving - Shree Ram &amp; Company Jaipur - View 3; Meditating Buddha Sculpture in Sandstone Architectural Handcrafted Natural Stone Carving - Shree Ram &amp; Company Jaipur - View 4; Meditating Buddha Sculpture in Sandstone Architectural Handcrafted Natural Stone Carving - Shree Ram &amp; Company Jaipur - View 5"
"gazebo/index.html","Product Card (Slider)","Royal Rajasthani 8-Pillar Stone Gazebo (Baradari)","royal-rajasthani-8-pillar-stone-gazebo-baradari","5","/assets/images/gazebo.jpg; /assets/images/pillar.jpg; /assets/images/arch-mehrab.jpg; /assets/images/garden-article.jpg; /assets/images/jaipur-artisan.jpg","Royal Rajasthani 8-Pillar Stone Gazebo (Baradari) Architectural Handcrafted Natural Stone Carving - Shree Ram &amp; Company Jaipur - View 1; Royal Rajasthani 8-Pillar Stone Gazebo (Baradari) Architectural Handcrafted Natural Stone Carving - Shree Ram &amp; Company Jaipur - View 2; Royal Rajasthani 8-Pillar Stone Gazebo (Baradari) Architectural Handcrafted Natural Stone Carving - Shree Ram &amp; Company Jaipur - View 3; Royal Rajasthani 8-Pillar Stone Gazebo (Baradari) Architectural Handcrafted Natural Stone Carving - Shree Ram &amp; Company Jaipur - View 4; Royal Rajasthani 8-Pillar Stone Gazebo (Baradari) Architectural Handcrafted Natural Stone Carving - Shree Ram &amp; Company Jaipur - View 5"
"gazebo/index.html","Product Card (Slider)","Classical European Stone Gazebo with Iron Dome","classical-european-stone-gazebo-with-iron-dome","5","/assets/images/gazebo.jpg; /assets/images/pillar.jpg; /assets/images/garden-article.jpg; /assets/images/water-fountain.jpg; /assets/images/jaipur-artisan.jpg","Classical European Stone Gazebo with Iron Dome Architectural Handcrafted Natural Stone Carving - Shree Ram &amp; Company Jaipur - View 1; Classical European Stone Gazebo with Iron Dome Architectural Handcrafted Natural Stone Carving - Shree Ram &amp; Company Jaipur - View 2; Classical European Stone Gazebo with Iron Dome Architectural Handcrafted Natural Stone Carving - Shree Ram &amp; Company Jaipur - View 3; Classical European Stone Gazebo with Iron Dome Architectural Handcrafted Natural Stone Carving - Shree Ram &amp; Company Jaipur - View 4; Classical European Stone Gazebo with Iron Dome Architectural Handcrafted Natural Stone Carving - Shree Ram &amp; Company Jaipur - View 5"
"arch-mehrab/index.html","Product Card (Slider)","Traditional Mughal Cusped Mehrab Arch","traditional-mughal-cusped-mehrab-arch","5","/assets/images/arch-mehrab.jpg; /assets/images/pillar.jpg; /assets/images/stone-carving.jpg; /assets/images/stone-jali.jpg; /assets/images/jaipur-artisan.jpg","Traditional Mughal Cusped Mehrab Arch Architectural Handcrafted Natural Stone Carving - Shree Ram &amp; Company Jaipur - View 1; Traditional Mughal Cusped Mehrab Arch Architectural Handcrafted Natural Stone Carving - Shree Ram &amp; Company Jaipur - View 2; Traditional Mughal Cusped Mehrab Arch Architectural Handcrafted Natural Stone Carving - Shree Ram &amp; Company Jaipur - View 3; Traditional Mughal Cusped Mehrab Arch Architectural Handcrafted Natural Stone Carving - Shree Ram &amp; Company Jaipur - View 4; Traditional Mughal Cusped Mehrab Arch Architectural Handcrafted Natural Stone Carving - Shree Ram &amp; Company Jaipur - View 5"
"arch-mehrab/index.html","Product Card (Slider)","Modern Fluted Stone Transition Arch","modern-fluted-stone-transition-arch","5","/assets/images/arch-mehrab.jpg; /assets/images/stone-wall-panel.jpg; /assets/images/pillar.jpg; /assets/images/double-height-medallion-facade.jpg; /assets/images/jaipur-artisan.jpg","Modern Fluted Stone Transition Arch Architectural Handcrafted Natural Stone Carving - Shree Ram &amp; Company Jaipur - View 1; Modern Fluted Stone Transition Arch Architectural Handcrafted Natural Stone Carving - Shree Ram &amp; Company Jaipur - View 2; Modern Fluted Stone Transition Arch Architectural Handcrafted Natural Stone Carving - Shree Ram &amp; Company Jaipur - View 3; Modern Fluted Stone Transition Arch Architectural Handcrafted Natural Stone Carving - Shree Ram &amp; Company Jaipur - View 4; Modern Fluted Stone Transition Arch Architectural Handcrafted Natural Stone Carving - Shree Ram &amp; Company Jaipur - View 5"
"pillar/index.html","Product Card (Slider)","Classical Fluted Column with Corinthian Capital","classical-fluted-column-with-corinthian-capital","5","/assets/images/pillar.jpg; /assets/images/arch-mehrab.jpg; /assets/images/gazebo.jpg; /assets/images/elevation-facade.jpg; /assets/images/jaipur-artisan.jpg","Classical Fluted Column with Corinthian Capital Architectural Handcrafted Natural Stone Carving - Shree Ram &amp; Company Jaipur - View 1; Classical Fluted Column with Corinthian Capital Architectural Handcrafted Natural Stone Carving - Shree Ram &amp; Company Jaipur - View 2; Classical Fluted Column with Corinthian Capital Architectural Handcrafted Natural Stone Carving - Shree Ram &amp; Company Jaipur - View 3; Classical Fluted Column with Corinthian Capital Architectural Handcrafted Natural Stone Carving - Shree Ram &amp; Company Jaipur - View 4; Classical Fluted Column with Corinthian Capital Architectural Handcrafted Natural Stone Carving - Shree Ram &amp; Company Jaipur - View 5"
"pillar/index.html","Product Card (Slider)","Rajasthani Elephant-Base Heritage Pillar","rajasthani-elephant-base-heritage-pillar","5","/assets/images/pillar.jpg; /assets/images/stone-carving.jpg; /assets/images/temple.jpg; /assets/images/arch-mehrab.jpg; /assets/images/jaipur-artisan.jpg","Rajasthani Elephant-Base Heritage Pillar Architectural Handcrafted Natural Stone Carving - Shree Ram &amp; Company Jaipur - View 1; Rajasthani Elephant-Base Heritage Pillar Architectural Handcrafted Natural Stone Carving - Shree Ram &amp; Company Jaipur - View 2; Rajasthani Elephant-Base Heritage Pillar Architectural Handcrafted Natural Stone Carving - Shree Ram &amp; Company Jaipur - View 3; Rajasthani Elephant-Base Heritage Pillar Architectural Handcrafted Natural Stone Carving - Shree Ram &amp; Company Jaipur - View 4; Rajasthani Elephant-Base Heritage Pillar Architectural Handcrafted Natural Stone Carving - Shree Ram &amp; Company Jaipur - View 5"
"handicrafts/index.html","Product Card (Slider)","Hand-Carved Marble Diya & Pooja Thali Sets","hand-carved-marble-diya-pooja-thali-sets","5","/assets/images/handicrafts.jpg; /assets/images/marble-inlay.jpg; /assets/images/statue.jpg; /assets/images/jaipur-artisan.jpg; /assets/images/marble-table-tops.jpg","Hand-Carved Marble Diya & Pooja Thali Sets Architectural Handcrafted Natural Stone Carving - Shree Ram &amp; Company Jaipur - View 1; Hand-Carved Marble Diya & Pooja Thali Sets Architectural Handcrafted Natural Stone Carving - Shree Ram &amp; Company Jaipur - View 2; Hand-Carved Marble Diya & Pooja Thali Sets Architectural Handcrafted Natural Stone Carving - Shree Ram &amp; Company Jaipur - View 3; Hand-Carved Marble Diya & Pooja Thali Sets Architectural Handcrafted Natural Stone Carving - Shree Ram &amp; Company Jaipur - View 4; Hand-Carved Marble Diya & Pooja Thali Sets Architectural Handcrafted Natural Stone Carving - Shree Ram &amp; Company Jaipur - View 5"
"handicrafts/index.html","Product Card (Slider)","Ornamental Stone Urli with Floating Petals","ornamental-stone-urli-with-floating-petals","5","/assets/images/handicrafts.jpg; /assets/images/water-fountain.jpg; /assets/images/garden-article.jpg; /assets/images/marble-inlay.jpg; /assets/images/jaipur-artisan.jpg","Ornamental Stone Urli with Floating Petals Architectural Handcrafted Natural Stone Carving - Shree Ram &amp; Company Jaipur - View 1; Ornamental Stone Urli with Floating Petals Architectural Handcrafted Natural Stone Carving - Shree Ram &amp; Company Jaipur - View 2; Ornamental Stone Urli with Floating Petals Architectural Handcrafted Natural Stone Carving - Shree Ram &amp; Company Jaipur - View 3; Ornamental Stone Urli with Floating Petals Architectural Handcrafted Natural Stone Carving - Shree Ram &amp; Company Jaipur - View 4; Ornamental Stone Urli with Floating Petals Architectural Handcrafted Natural Stone Carving - Shree Ram &amp; Company Jaipur - View 5"
"marble-table-tops/index.html","Product Card (Slider)","Handcrafted Inlay Marble Dining Table Top","handcrafted-inlay-marble-dining-table-top","5","/assets/images/marble-table-tops.jpg; /assets/images/marble-inlay.jpg; /assets/images/handicrafts.jpg; /assets/images/jaipur-artisan.jpg; /assets/images/stone-carving.jpg","Handcrafted Inlay Marble Dining Table Top Architectural Handcrafted Natural Stone Carving - Shree Ram &amp; Company Jaipur - View 1; Handcrafted Inlay Marble Dining Table Top Architectural Handcrafted Natural Stone Carving - Shree Ram &amp; Company Jaipur - View 2; Handcrafted Inlay Marble Dining Table Top Architectural Handcrafted Natural Stone Carving - Shree Ram &amp; Company Jaipur - View 3; Handcrafted Inlay Marble Dining Table Top Architectural Handcrafted Natural Stone Carving - Shree Ram &amp; Company Jaipur - View 4; Handcrafted Inlay Marble Dining Table Top Architectural Handcrafted Natural Stone Carving - Shree Ram &amp; Company Jaipur - View 5"
"marble-table-tops/index.html","Product Card (Slider)","Round Pietra Dura Coffee Table Top","round-pietra-dura-coffee-table-top","5","/assets/images/marble-table-tops.jpg; /assets/images/marble-inlay.jpg; /assets/images/handicrafts.jpg; /assets/images/stone-wall-panel.jpg; /assets/images/jaipur-artisan.jpg","Round Pietra Dura Coffee Table Top Architectural Handcrafted Natural Stone Carving - Shree Ram &amp; Company Jaipur - View 1; Round Pietra Dura Coffee Table Top Architectural Handcrafted Natural Stone Carving - Shree Ram &amp; Company Jaipur - View 2; Round Pietra Dura Coffee Table Top Architectural Handcrafted Natural Stone Carving - Shree Ram &amp; Company Jaipur - View 3; Round Pietra Dura Coffee Table Top Architectural Handcrafted Natural Stone Carving - Shree Ram &amp; Company Jaipur - View 4; Round Pietra Dura Coffee Table Top Architectural Handcrafted Natural Stone Carving - Shree Ram &amp; Company Jaipur - View 5"
"water-fountain/index.html","Product Card (Slider)","Indoor Tiered Waterfall Fountain","indoor-tiered-waterfall-fountain","5","/assets/images/water-fountain.jpg; /assets/images/garden-article.jpg; /assets/images/marble-temple.jpg; /assets/images/jaipur-artisan.jpg; /assets/images/stone-carving.jpg","Indoor Tiered Waterfall Fountain Architectural Handcrafted Natural Stone Carving - Shree Ram &amp; Company Jaipur - View 1; Indoor Tiered Waterfall Fountain Architectural Handcrafted Natural Stone Carving - Shree Ram &amp; Company Jaipur - View 2; Indoor Tiered Waterfall Fountain Architectural Handcrafted Natural Stone Carving - Shree Ram &amp; Company Jaipur - View 3; Indoor Tiered Waterfall Fountain Architectural Handcrafted Natural Stone Carving - Shree Ram &amp; Company Jaipur - View 4; Indoor Tiered Waterfall Fountain Architectural Handcrafted Natural Stone Carving - Shree Ram &amp; Company Jaipur - View 5"
"water-fountain/index.html","Product Card (Slider)","Small Balcony Corner Fountain","small-balcony-corner-fountain","5","/assets/images/water-fountain.jpg; /assets/images/jaipur-artisan.jpg; /assets/images/garden-article.jpg; /assets/images/marble-inlay.jpg; /assets/images/stone-carving.jpg","Small Balcony Corner Fountain Architectural Handcrafted Natural Stone Carving - Shree Ram &amp; Company Jaipur - View 1; Small Balcony Corner Fountain Architectural Handcrafted Natural Stone Carving - Shree Ram &amp; Company Jaipur - View 2; Small Balcony Corner Fountain Architectural Handcrafted Natural Stone Carving - Shree Ram &amp; Company Jaipur - View 3; Small Balcony Corner Fountain Architectural Handcrafted Natural Stone Carving - Shree Ram &amp; Company Jaipur - View 4; Small Balcony Corner Fountain Architectural Handcrafted Natural Stone Carving - Shree Ram &amp; Company Jaipur - View 5"
"water-fountain/index.html","Product Card (Slider)","Grand Architectural Courtyard Fountain","grand-architectural-courtyard-fountain","5","/assets/images/water-fountain.jpg; /assets/images/gazebo.jpg; /assets/images/garden-article.jpg; /assets/images/jaipur-artisan.jpg; /assets/images/pillar.jpg","Grand Architectural Courtyard Fountain Architectural Handcrafted Natural Stone Carving - Shree Ram &amp; Company Jaipur - View 1; Grand Architectural Courtyard Fountain Architectural Handcrafted Natural Stone Carving - Shree Ram &amp; Company Jaipur - View 2; Grand Architectural Courtyard Fountain Architectural Handcrafted Natural Stone Carving - Shree Ram &amp; Company Jaipur - View 3; Grand Architectural Courtyard Fountain Architectural Handcrafted Natural Stone Carving - Shree Ram &amp; Company Jaipur - View 4; Grand Architectural Courtyard Fountain Architectural Handcrafted Natural Stone Carving - Shree Ram &amp; Company Jaipur - View 5"
"stone-jali/index.html","Product Card (Slider)","Architectural Sandstone Facade Jali","architectural-sandstone-facade-jali","5","/assets/images/stone-jali.jpg; /assets/images/mdf-jali.jpg; /assets/images/wpc-jali.jpg; /assets/images/elevation-facade.jpg; /assets/images/jaipur-artisan.jpg","Architectural Sandstone Facade Jali Architectural Handcrafted Natural Stone Carving - Shree Ram &amp; Company Jaipur - View 1; Architectural Sandstone Facade Jali Architectural Handcrafted Natural Stone Carving - Shree Ram &amp; Company Jaipur - View 2; Architectural Sandstone Facade Jali Architectural Handcrafted Natural Stone Carving - Shree Ram &amp; Company Jaipur - View 3; Architectural Sandstone Facade Jali Architectural Handcrafted Natural Stone Carving - Shree Ram &amp; Company Jaipur - View 4; Architectural Sandstone Facade Jali Architectural Handcrafted Natural Stone Carving - Shree Ram &amp; Company Jaipur - View 5"
"stone-jali/index.html","Product Card (Slider)","Mughal Floral Perforated Stone Screen","mughal-floral-perforated-stone-screen","5","/assets/images/stone-jali.jpg; /assets/images/arch-mehrab.jpg; /assets/images/stone-carving.jpg; /assets/images/wpc-jali.jpg; /assets/images/jaipur-artisan.jpg","Mughal Floral Perforated Stone Screen Architectural Handcrafted Natural Stone Carving - Shree Ram &amp; Company Jaipur - View 1; Mughal Floral Perforated Stone Screen Architectural Handcrafted Natural Stone Carving - Shree Ram &amp; Company Jaipur - View 2; Mughal Floral Perforated Stone Screen Architectural Handcrafted Natural Stone Carving - Shree Ram &amp; Company Jaipur - View 3; Mughal Floral Perforated Stone Screen Architectural Handcrafted Natural Stone Carving - Shree Ram &amp; Company Jaipur - View 4; Mughal Floral Perforated Stone Screen Architectural Handcrafted Natural Stone Carving - Shree Ram &amp; Company Jaipur - View 5"
"mdf-jali/index.html","Product Card (Slider)","Modern Laser-Cut MDF Interior Screen","modern-laser-cut-mdf-interior-screen","5","/assets/images/mdf-jali.jpg; /assets/images/mdf-work.jpg; /assets/images/stone-jali.jpg; /assets/images/wpc-jali.jpg; /assets/images/jaipur-artisan.jpg","Modern Laser-Cut MDF Interior Screen Architectural Handcrafted Natural Stone Carving - Shree Ram &amp; Company Jaipur - View 1; Modern Laser-Cut MDF Interior Screen Architectural Handcrafted Natural Stone Carving - Shree Ram &amp; Company Jaipur - View 2; Modern Laser-Cut MDF Interior Screen Architectural Handcrafted Natural Stone Carving - Shree Ram &amp; Company Jaipur - View 3; Modern Laser-Cut MDF Interior Screen Architectural Handcrafted Natural Stone Carving - Shree Ram &amp; Company Jaipur - View 4; Modern Laser-Cut MDF Interior Screen Architectural Handcrafted Natural Stone Carving - Shree Ram &amp; Company Jaipur - View 5"
"partition-jali/index.html","Product Card (Slider)","Freestanding Folding Partition Jali","freestanding-folding-partition-jali","5","/assets/images/stone-jali.jpg; /assets/images/mdf-jali.jpg; /assets/images/wpc-jali.jpg; /assets/images/stone-carving.jpg; /assets/images/jaipur-artisan.jpg","Freestanding Folding Partition Jali Architectural Handcrafted Natural Stone Carving - Shree Ram &amp; Company Jaipur - View 1; Freestanding Folding Partition Jali Architectural Handcrafted Natural Stone Carving - Shree Ram &amp; Company Jaipur - View 2; Freestanding Folding Partition Jali Architectural Handcrafted Natural Stone Carving - Shree Ram &amp; Company Jaipur - View 3; Freestanding Folding Partition Jali Architectural Handcrafted Natural Stone Carving - Shree Ram &amp; Company Jaipur - View 4; Freestanding Folding Partition Jali Architectural Handcrafted Natural Stone Carving - Shree Ram &amp; Company Jaipur - View 5"
"partition-jali/index.html","Product Card (Slider)","Floor-to-Ceiling Partition Screen","floor-to-ceiling-partition-screen","5","/assets/images/mdf-jali.jpg; /assets/images/stone-jali.jpg; /assets/images/stone-wall-panel.jpg; /assets/images/double-height-medallion-facade.jpg; /assets/images/jaipur-artisan.jpg","Floor-to-Ceiling Partition Screen Architectural Handcrafted Natural Stone Carving - Shree Ram &amp; Company Jaipur - View 1; Floor-to-Ceiling Partition Screen Architectural Handcrafted Natural Stone Carving - Shree Ram &amp; Company Jaipur - View 2; Floor-to-Ceiling Partition Screen Architectural Handcrafted Natural Stone Carving - Shree Ram &amp; Company Jaipur - View 3; Floor-to-Ceiling Partition Screen Architectural Handcrafted Natural Stone Carving - Shree Ram &amp; Company Jaipur - View 4; Floor-to-Ceiling Partition Screen Architectural Handcrafted Natural Stone Carving - Shree Ram &amp; Company Jaipur - View 5"
"partition-jali/index.html","Product Card (Slider)","Mandir Pooja Enclosure Partition Jali","mandir-pooja-enclosure-partition-jali","5","/assets/images/stone-jali.jpg; /assets/images/marble-temple.jpg; /assets/images/pooja-room.jpg; /assets/images/mdf-jali.jpg; /assets/images/jaipur-artisan.jpg","Mandir Pooja Enclosure Partition Jali Architectural Handcrafted Natural Stone Carving - Shree Ram &amp; Company Jaipur - View 1; Mandir Pooja Enclosure Partition Jali Architectural Handcrafted Natural Stone Carving - Shree Ram &amp; Company Jaipur - View 2; Mandir Pooja Enclosure Partition Jali Architectural Handcrafted Natural Stone Carving - Shree Ram &amp; Company Jaipur - View 3; Mandir Pooja Enclosure Partition Jali Architectural Handcrafted Natural Stone Carving - Shree Ram &amp; Company Jaipur - View 4; Mandir Pooja Enclosure Partition Jali Architectural Handcrafted Natural Stone Carving - Shree Ram &amp; Company Jaipur - View 5"
"wpc-jali/index.html","Product Card (Slider)","100% Waterproof WPC Outdoor Jali","100-waterproof-wpc-outdoor-jali","5","/assets/images/wpc-jali.jpg; /assets/images/stone-jali.jpg; /assets/images/mdf-jali.jpg; /assets/images/wall-cladding.jpg; /assets/images/jaipur-artisan.jpg","100% Waterproof WPC Outdoor Jali Architectural Handcrafted Natural Stone Carving - Shree Ram &amp; Company Jaipur - View 1; 100% Waterproof WPC Outdoor Jali Architectural Handcrafted Natural Stone Carving - Shree Ram &amp; Company Jaipur - View 2; 100% Waterproof WPC Outdoor Jali Architectural Handcrafted Natural Stone Carving - Shree Ram &amp; Company Jaipur - View 3; 100% Waterproof WPC Outdoor Jali Architectural Handcrafted Natural Stone Carving - Shree Ram &amp; Company Jaipur - View 4; 100% Waterproof WPC Outdoor Jali Architectural Handcrafted Natural Stone Carving - Shree Ram &amp; Company Jaipur - View 5"
