"RelPath","URL","Title","TitleLength","MetaDesc","MetaLength","H1Count","H1","WordCount","ImgCount"
"404.html","/404.html","Page Not Found (404) | Shree Ram & Company","42","The page you are looking for does not exist. Explore luxury stone carving, marble temples, and CNC jali work by Shree Ram & Company, Jaipur.","140","1","The Masterpiece You Seek Has Moved","83","0"
"index.html","/","Shree Ram And Company Vijeta Stone | Luxury Stone Carving Jaipur","64","Master stone carving & marble temple manufacturer in Jaipur, Rajasthan. Handcrafted sandstone murals, jalis, mandirs & fountains. Call +91 63676 07459.","151","1","Premium Stone Carving &amp; Marble Temple Manufacturer in Jaipur, India","1727","43"
"about-us/index.html","/about-us/","About Us | Shree Ram And Company Vijeta Stone","45","Discover the 40-year stonecraft legacy of Shree Ram & Company (Vijeta Stone) in Jaipur. Handcrafted natural stone carving, temples & architectural facades.","155","1","Our Legacy & Artistry","669","6"
"arch-mehrab/index.html","/arch-mehrab/","Carved Stone Arches & Mehrabs Jaipur | Shree Ram & Company","58","Hand-carved Rajasthani sandstone arches, Jharokha mehrabs & entrance portals in Jaipur. Heritage architectural elements for villas and luxury hotels.","149","1","Carved Stone Arches &amp; Mehrabs Manufacturer in Jaipur","964","13"
"articles/index.html","/articles/","Stone Architecture & Carving Guides | Shree Ram & Company","57","Architectural insights, stone selection guides, temple Vastu tips & CNC jali ideas from Jaipur master artisans at Shree Ram & Company (Vijeta Stone).","149","1","Articles & Insights","307","6"
"blog/index.html","/blog/","Redirecting to Articles | Shree Ram & Company","45","","0","0","","19","0"
"contact/index.html","/contact/","Contact Us | Shree Ram And Company Vijeta Stone","47","Contact Shree Ram And Company Vijeta Stone in Jaipur for bespoke stone carving, marble temples & CNC jali. Visit our workshop or call +91 63676 07459.","150","1","Contact Us","343","2"
"customised-name-plate/index.html","/customised-name-plate/","Custom Stone Name Plates Jaipur | Shree Ram & Company","53","Custom engraved natural stone name plates in Jaipur. Handcrafted marble, sandstone & granite nameplates with gold leafing. Call +91 63676 07459 for quotes.","155","1","Customised Stone Name Plates Manufacturer in Jaipur","1025","18"
"elevation-facade/index.html","/elevation-facade/","Stone Elevation Facade in Jaipur | Shree Ram & Company","54","Custom architectural stone elevation facades, exterior wall cladding & jharokhas manufactured in Jaipur by master artisans. Call +91 63676 07459.","145","1","Stone Elevation Facade Manufacturer &amp; Supplier in Jaipur","1154","18"
"garden-article/index.html","/garden-article/","Stone Garden Articles & Planters Jaipur | Shree Ram & Company","61","Hand-carved sandstone garden articles, planters, stone benches & birdbaths in Jaipur by Shree Ram & Company. Call +91 63676 07459 for custom orders.","148","1","Stone Garden Articles &amp; Planters Manufacturer in Jaipur","904","18"
"gazebo/index.html","/gazebo/","Stone Gazebos & Pavilions Jaipur | Shree Ram & Company","54","Royal Rajasthani stone gazebos and garden pavilions (Baradari) in Jaipur. Handcrafted sandstone canopies. Call +91 63676 07459 for custom designs.","146","1","Carved Stone Gazebos &amp; Pavilions Manufacturer in Jaipur","998","13"
"get-a-quote/index.html","/get-a-quote/","Request a Custom Quote | Shree Ram & Company","44","Request a custom quote for stone carving, marble temples, wall cladding & CNC jali work from Shree Ram & Company Jaipur. Call +91 63676 07459 for estimates.","156","1","Contact Us","354","2"
"handicrafts/index.html","/handicrafts/","Marble Handicrafts Manufacturer | Shree Ram & Company","53","Authentic Jaipur marble handicrafts, carved bowls, jali lanterns & artistic decor from master carvers at Shree Ram & Company. Call +91 63676 07459.","147","1","Handcrafted Marble Artifacts &amp; Handicrafts in Jaipur","963","13"
"marble-inlay/index.html","/marble-inlay/","Pietra Dura Marble Inlay Art Jaipur | Shree Ram & Company","57","Pietra Dura marble inlay art handcrafted in Jaipur. Semi-precious stone floral tabletops, floor medallions & panels. Call +91 63676 07459 for quotes.","149","1","Pietra Dura Marble Inlay Art Manufacturer in Jaipur","1072","13"
"marble-table-tops/index.html","/marble-table-tops/","Pietra Dura Marble Table Tops | Shree Ram & Company","51","Luxury Pietra Dura marble dining & coffee table tops in Jaipur. Inlaid with lapis, malachite & jasper. Call +91 63676 07459 for custom orders.","142","1","Handcrafted Marble Inlay Table Tops Manufacturer in Jaipur","975","13"
"marble-temple/index.html","/marble-temple/","Marble Temple Manufacturer in Jaipur | Shree Ram & Company","58","Custom Makrana marble temple and home mandir manufacturer in Jaipur. Handcrafted Vastu-compliant temple architecture. Call +91 63676 07459 for quotes.","150","1","Custom Marble Temple Manufacturer in Jaipur | Handcrafted Mandirs","1237","18"
"mdf-hdmr-work/index.html","/mdf-hdmr-work/","MDF & HDMR 3D Wall Panels | Shree Ram & Company","47","Precision CNC-routed moisture-resistant HDMR & MDF 3D wall panels in Jaipur. Fluted, textured & geometric panels. Call +91 63676 07459 for factory prices.","154","1","MDF &amp; HDMR 3D Wall Panels Manufacturer in Jaipur","1025","28"
"mdf-hdmr-work/fluted/index.html","/mdf-hdmr-work/fluted/","Redirecting to fluted | Shree Ram & Company","43","","0","0","","12","0"
"mdf-hdmr-work/fluted-mdf-panels/index.html","/mdf-hdmr-work/fluted-mdf-panels/","Redirecting to Fluted MDF Panels | Shree Ram & Company","54","","0","0","","16","0"
"mdf-hdmr-work/geometrical/index.html","/mdf-hdmr-work/geometrical/","Redirecting to geometrical | Shree Ram & Company","48","","0","0","","12","0"
"mdf-hdmr-work/geometrical-mdf-panels/index.html","/mdf-hdmr-work/geometrical-mdf-panels/","Redirecting to Geometrical MDF Panels | Shree Ram & Company","59","","0","0","","16","0"
"mdf-hdmr-work/mdf-hdmr-wall-panels/index.html","/mdf-hdmr-work/mdf-hdmr-wall-panels/","Redirecting to MDF HDMR Wall Panels | Shree Ram & Company","57","","0","0","","18","0"
"mdf-hdmr-work/textured/index.html","/mdf-hdmr-work/textured/","Redirecting to textured | Shree Ram & Company","45","","0","0","","12","0"
"mdf-hdmr-work/textured-mdf-panels/index.html","/mdf-hdmr-work/textured-mdf-panels/","Redirecting to Textured MDF Panels | Shree Ram & Company","56","","0","0","","16","0"
"mdf-hdmr-work/wall-panels/index.html","/mdf-hdmr-work/wall-panels/","Redirecting to wall-panels | Shree Ram & Company","48","","0","0","","12","0"
"mdf-hdmr-work/wave/index.html","/mdf-hdmr-work/wave/","Redirecting to wave | Shree Ram & Company","41","","0","0","","12","0"
"mdf-hdmr-work/wave-mdf-panels/index.html","/mdf-hdmr-work/wave-mdf-panels/","Redirecting to Wave MDF Panels | Shree Ram & Company","52","","0","0","","16","0"
"mdf-jali/index.html","/mdf-jali/","MDF Jali Screens Manufacturer | Shree Ram & Company","51","Precision CNC-cut MDF & HDMR jali screens in Jaipur. Custom decorative fretwork panels for partitions & ceilings. Call +91 63676 07459 for quotes.","146","1","MDF &amp; HDMR CNC Jali Screens Manufacturer in Jaipur","975","8"
"murals-wall-art/index.html","/murals-wall-art/","Stone Murals & Wall Art Jaipur | Shree Ram & Company","52","Bespoke architectural wall art & decorative stone murals in Jaipur. Handcrafted natural stone and marble panels. Call +91 63676 07459 for custom designs.","153","1","Bespoke Stone Murals &amp; Wall Art Manufacturer in Jaipur","1094","63"
"partition-jali/index.html","/partition-jali/","Partition Jali Room Dividers | Shree Ram & Company","50","Architectural partition jali and room dividers in stone, WPC & HDMR. Custom room separator screens in Jaipur. Call +91 63676 07459 for custom designs.","150","1","Architectural Partition Jali Screens Manufacturer in Jaipur","1007","18"
"pillar/index.html","/pillar/","Carved Stone Pillars & Columns | Shree Ram & Company","52","Hand-carved stone pillars & architectural columns in Jaipur. Fluted, elephant-base & Corinthian sandstone columns. Call +91 63676 07459 for quotes.","147","1","Carved Stone Pillars &amp; Architectural Columns in Jaipur","1017","13"
"pooja-room/index.html","/pooja-room/","Pooja Room Mandapam Manufacturer | Shree Ram & Company","54","Complete pooja room mandapam architecture & marble backdrop designs in Jaipur. Custom carved wall niches & mandirs. Call +91 63676 07459 for quotes.","148","1","Custom Pooja Room Mandapams &amp; Backdrops in Jaipur","1140","13"
"privacy-policy/index.html","/privacy-policy/","Privacy Policy | Shree Ram & Company (Vijeta Stone) Jaipur","58","Privacy Policy of Shree Ram & Company (Vijeta Stone), Jaipur. Transparent data protection guidelines for architectural clients and site visitors.","145","1","Privacy Policy","293","0"
"statue/index.html","/statue/","Marble Statues & God Idols | Shree Ram & Company","48","Hand-carved Makrana marble statues & Hindu god idols in Jaipur. Ganesh Ji, Radha Krishna, Shiv Parvati. Call +91 63676 07459 for custom sculptures.","147","1","Hand-Carved Marble Statues &amp; God Idols in Jaipur","1124","13"
"stone-art-murals/index.html","/stone-art-murals/","Stone Art Murals & Panels | Shree Ram & Company","47","Handcrafted Hindu spiritual stone murals & religious art panels in Jaipur. Radha Krishna, Shiv Ji & Ganesh Ji. Call +91 63676 07459 for custom orders.","150","1","Handcrafted Stone Art &amp; Spiritual Murals in Jaipur","1087","63"
"stone-art-murals/buddha/index.html","/stone-art-murals/buddha/","Redirecting to buddha | Shree Ram & Company","43","","0","0","","12","0"
"stone-art-murals/buddha-stone-art-mural/index.html","/stone-art-murals/buddha-stone-art-mural/","Redirecting to Buddha Stone Art & Mural | Shree Ram & Company","61","","0","0","","20","0"
"stone-art-murals/durga-mata-ji/index.html","/stone-art-murals/durga-mata-ji/","Redirecting to durga-mata-ji | Shree Ram & Company","50","","0","0","","12","0"
"stone-art-murals/durga-mata-ji-stone-art-mural/index.html","/stone-art-murals/durga-mata-ji-stone-art-mural/","Redirecting to Durga Mata Ji Stone Art & Mural | Shree Ram & Company","68","","0","0","","24","0"
"stone-art-murals/floral-stone-art/index.html","/stone-art-murals/floral-stone-art/","Redirecting to floral-stone-art | Shree Ram & Company","53","","0","0","","12","0"
"stone-art-murals/ganesh-ji/index.html","/stone-art-murals/ganesh-ji/","Redirecting to ganesh-ji | Shree Ram & Company","46","","0","0","","12","0"
"stone-art-murals/ganesh-ji-stone-art-mural/index.html","/stone-art-murals/ganesh-ji-stone-art-mural/","Redirecting to Ganesh Ji Stone Art & Mural | Shree Ram & Company","64","","0","0","","22","0"
"stone-art-murals/hanuman-ji/index.html","/stone-art-murals/hanuman-ji/","Redirecting to hanuman-ji | Shree Ram & Company","47","","0","0","","12","0"
"stone-art-murals/hanuman-ji-stone-art-mural/index.html","/stone-art-murals/hanuman-ji-stone-art-mural/","Redirecting to Hanuman Ji Stone Art & Mural | Shree Ram & Company","65","","0","0","","22","0"
"stone-art-murals/laxmi-ji/index.html","/stone-art-murals/laxmi-ji/","Redirecting to laxmi-ji | Shree Ram & Company","45","","0","0","","12","0"
"stone-art-murals/laxmi-ji-stone-art-mural/index.html","/stone-art-murals/laxmi-ji-stone-art-mural/","Redirecting to Laxmi Ji Stone Art & Mural | Shree Ram & Company","63","","0","0","","22","0"
"stone-art-murals/radhe-krishna/index.html","/stone-art-murals/radhe-krishna/","Redirecting to radhe-krishna | Shree Ram & Company","50","","0","0","","12","0"
"stone-art-murals/radhe-krishna-stone-art-mural/index.html","/stone-art-murals/radhe-krishna-stone-art-mural/","Redirecting to Radhe Krishna Stone Art & Mural | Shree Ram & Company","68","","0","0","","22","0"
"stone-art-murals/ram-darbar/index.html","/stone-art-murals/ram-darbar/","Redirecting to ram-darbar | Shree Ram & Company","47","","0","0","","12","0"
"stone-art-murals/ram-darbar-stone-art-mural/index.html","/stone-art-murals/ram-darbar-stone-art-mural/","Redirecting to Ram Darbar Stone Art & Mural | Shree Ram & Company","65","","0","0","","22","0"
"stone-art-murals/shiv-ji/index.html","/stone-art-murals/shiv-ji/","Redirecting to shiv-ji | Shree Ram & Company","44","","0","0","","12","0"
"stone-art-murals/shiv-ji-stone-art-mural/index.html","/stone-art-murals/shiv-ji-stone-art-mural/","Redirecting to Shiv Ji Stone Art & Mural | Shree Ram & Company","62","","0","0","","22","0"
"stone-art-murals/shreenath-ji/index.html","/stone-art-murals/shreenath-ji/","Redirecting to shreenath-ji | Shree Ram & Company","49","","0","0","","12","0"
"stone-art-murals/shreenath-ji-stone-art-mural/index.html","/stone-art-murals/shreenath-ji-stone-art-mural/","Redirecting to Shreenath Ji Stone Art & Mural | Shree Ram & Company","67","","0","0","","22","0"
"stone-art-murals/swaminarayan-ji/index.html","/stone-art-murals/swaminarayan-ji/","Redirecting to swaminarayan-ji | Shree Ram & Company","52","","0","0","","12","0"
"stone-art-murals/swaminarayan-ji-stone-art-mural/index.html","/stone-art-murals/swaminarayan-ji-stone-art-mural/","Redirecting to Swaminarayan Ji Stone Art & Mural | Shree Ram & Company","70","","0","0","","22","0"
"stone-art-murals/village-stone-art/index.html","/stone-art-murals/village-stone-art/","Redirecting to village-stone-art | Shree Ram & Company","54","","0","0","","12","0"
"stone-art-murals/village-stone-art-mural/index.html","/stone-art-murals/village-stone-art-mural/","Redirecting to Village Stone Art & Mural | Shree Ram & Company","62","","0","0","","20","0"
"stone-carving/index.html","/stone-carving/","Stone Carving Manufacturer in Jaipur | Shree Ram & Company","58","Bespoke 3D natural stone carving, double-height walls & sandstone relief murals manufactured in Jaipur by master artisans. Call +91 63676 07459.","144","1","Stone Carving Manufacturer &amp; Architectural Relief Panels in Jaipur","1284","34"
"stone-carving/double-height-wall/index.html","/stone-carving/double-height-wall/","Double Height Stone Wall Carving | Shree Ram & Company Jaipur","61","Grand double-height stone carving wall panels for luxury villas & duplexes. Custom crafted in natural sandstone & marble by Jaipur master artisans.","147","1","Double Height Stone Carving Wall","1667","14"
"stone-carving/featured-wall/index.html","/stone-carving/featured-wall/","Featured Stone Carving Wall Panels | Shree Ram & Company Jaipur","63","Signature feature wall stone carving in natural sandstone and marble. Bespoke architectural accent panels designed and manufactured in Jaipur.","142","1","Featured Stone Carving Wall","1514","14"
"stone-carving/living-room-wall/index.html","/stone-carving/living-room-wall/","Living Room Stone Carving Wall Panels | Shree Ram & Company","59","Transform living room interiors with luxury handcrafted sandstone carving panels. Bespoke textures, backlit stone relief, and custom Jaipur artistry.","149","1","Living Room Stone Carving Wall","1563","14"
"stone-carving/sofa-wall/index.html","/stone-carving/sofa-wall/","Sofa Backdrop Stone Carving Panels | Shree Ram & Company Jaipur","63","Luxury sofa wall backdrop stone carvings in natural sandstone & marble. Hand-chiseled textures and geometric relief panels crafted in Jaipur.","141","1","Sofa Backdrop Stone Carving Wall","1577","14"
"stone-carving/staircase-wall/index.html","/stone-carving/staircase-wall/","Staircase Stone Carving Wall Panels | Shree Ram & Company Jaipur","64","Vertical staircase wall stone carving panels with continuous relief artwork. Handcrafted in Rajasthan natural stones by master Jaipur artisans.","143","1","Staircase Stone Carving Wall","1615","14"
"stone-carving/statement-wall/index.html","/stone-carving/statement-wall/","Statement Wall Stone Carving Panels | Shree Ram & Company Jaipur","64","Commanding architectural statement walls chiseled from premium natural sandstone. Tailored designs for luxury foyers, reception areas & grand villas.","149","1","Statement Stone Carving Wall","1531","14"
"stone-jali/index.html","/stone-jali/","Stone Jali Screen Manufacturer Jaipur | Shree Ram & Company","59","Precision CNC and hand-carved natural stone jali screens in Jaipur. Sandstone architectural facades, railings & panels. Call +91 63676 07459 for quotes.","152","1","CNC Natural Stone Jali Screen Manufacturer in Jaipur","1166","13"
"stone-temple/index.html","/stone-temple/","Natural Stone Temple Manufacturer | Shree Ram & Company","55","Carved natural sandstone temple manufacturer in Jaipur. Bansi Paharpur Pink Sandstone & Jaisalmer stone outdoor mandirs. Call +91 63676 07459 for quotes.","153","1","Natural Sandstone Temple Manufacturer in Jaipur","1073","18"
"stone-wall-panels/index.html","/stone-wall-panels/","Stone Wall Panels Manufacturer | Shree Ram & Company","52","Manufacturer of 3D stone wall panels in Jaipur. Fluted, geometric, wave & textured natural sandstone panels. Call +91 63676 07459 for factory estimates.","152","1","Architectural 3D Stone Wall Panels Manufacturer in Jaipur","1009","23"
"stone-wall-panels/fluted/index.html","/stone-wall-panels/fluted/","Redirecting to fluted | Shree Ram & Company","43","","0","0","","12","0"
"stone-wall-panels/fluted-stone-panels/index.html","/stone-wall-panels/fluted-stone-panels/","Redirecting to Fluted Stone Panels | Shree Ram & Company","56","","0","0","","16","0"
"stone-wall-panels/geometrical/index.html","/stone-wall-panels/geometrical/","Redirecting to geometrical | Shree Ram & Company","48","","0","0","","12","0"
"stone-wall-panels/geometrical-stone-panels/index.html","/stone-wall-panels/geometrical-stone-panels/","Redirecting to Geometrical Stone Panels | Shree Ram & Company","61","","0","0","","16","0"
"stone-wall-panels/textured/index.html","/stone-wall-panels/textured/","Redirecting to textured | Shree Ram & Company","45","","0","0","","12","0"
"stone-wall-panels/textured-stone-panels/index.html","/stone-wall-panels/textured-stone-panels/","Redirecting to Textured Stone Panels | Shree Ram & Company","58","","0","0","","16","0"
"stone-wall-panels/wave/index.html","/stone-wall-panels/wave/","Redirecting to wave | Shree Ram & Company","41","","0","0","","12","0"
"stone-wall-panels/wave-stone-panels/index.html","/stone-wall-panels/wave-stone-panels/","Redirecting to Wave Stone Panels | Shree Ram & Company","54","","0","0","","16","0"
"temple/index.html","/temple/","Architectural Temples & Mandirs Jaipur | Shree Ram & Company","60","Master temple architects & stone carvers in Jaipur. Handcrafted marble & sandstone mandirs for homes & sanctums. Call +91 63676 07459 for custom temples.","153","1","Architectural Temples &amp; Sacred Mandirs in Jaipur","1148","18"
"terms-of-service/index.html","/terms-of-service/","Terms of Service | Shree Ram & Company (Vijeta Stone)","53","Terms of Service for Shree Ram & Company (Vijeta Stone), Jaipur. Guidelines for custom stone fabrication, project delivery, and website usage.","142","1","Terms of Service","269","0"
"wall-cladding/index.html","/wall-cladding/","Stone Wall Cladding Manufacturer | Shree Ram & Company","54","Natural stone wall cladding manufacturer in Jaipur. Exterior facade stone tiles, split-face cladding & sandstone. Call +91 63676 07459 for estimates.","149","1","Natural Stone Wall Cladding Manufacturer in Jaipur","1031","18"
"water-fountain/index.html","/water-fountain/","Stone Water Fountain Manufacturer Jaipur | Shree Ram & Company","62","Hand-carved natural stone & marble water fountains in Jaipur. Multi-tier garden fountains & indoor courtyard features. Call +91 63676 07459 for quotes.","151","1","Carved Stone &amp; Marble Water Fountain Manufacturer in Jaipur","1170","18"
"wpc-jali/index.html","/wpc-jali/","WPC Jali Screens Manufacturer | Shree Ram & Company","51","100% waterproof and termite-proof WPC jali screens in Jaipur. Exterior elevation screens & privacy dividers. Call +91 63676 07459 for factory estimates.","152","1","Waterproof WPC Jali Screens Manufacturer in Jaipur","931","8"
