"Page","Index","Src","Alt","Type"
"index.html","1","/assets/images/brand-logo-transparent.png","Shree Ram & Company Logo","Own Photo / Local Asset"
"index.html","2","https://images.unsplash.com/photo-1600607686527-6fb886090705?auto=format&fit=crop&q=80","Carved stone architectural relief detail","Stock"
"index.html","3","/assets/images/jaipur-artisan.jpg","Master Craftsmen engaged in traditional stone carving techniques","Own Photo / Local Asset"
"index.html","4","https://images.unsplash.com/photo-1600585154340-be6161a56a0c?auto=format&fit=crop&w=800&q=80","Finished precision custom architectural stone details","Stock"
"index.html","5","/assets/images/statement-wall.webp","Stone Carving - Handcrafted architectural natural sandstone relief wall - Shree Ram & Company Vijeta Stone","Own Photo / Local Asset"
"index.html","6","/assets/images/radhe-krishna-mural.webp","Murals & Wall Art - Radha Krishna hand-carved white marble and pink sandstone mural - Shree Ram & Company Vijeta Stone","Own Photo / Local Asset"
"index.html","7","/assets/images/stone-wall-panels.webp","Stone Wall Panels - Fluted and textured natural sandstone feature wall panels - Shree Ram & Company Vijeta Stone","Own Photo / Local Asset"
"index.html","8","/assets/images/mdf-work.webp","MDF HDMR Work - Precision CNC-routed architectural moisture resistant panels - Shree Ram & Company Vijeta Stone","Own Photo / Local Asset"
"index.html","9","/assets/images/elevation-facade.webp","Elevation Facade - Gwalior Mint and Karauli Red Sandstone luxury bungalow facade - Shree Ram & Company Vijeta Stone","Own Photo / Local Asset"
"index.html","10","/assets/images/garden-article.webp","Garden Articles - Hand-carved sandstone planter urn and garden decor - Shree Ram & Company Vijeta Stone","Own Photo / Local Asset"
"index.html","11","/assets/images/customised-name-plate.webp","Customised Name Plates - Hand-carved Jaisalmer sandstone and marble villa entrance plaque - Shree Ram & Company Vijeta Stone","Own Photo / Local Asset"
"index.html","12","/assets/images/wall-cladding.webp","Wall Cladding - Split-face textured natural sandstone exterior wall cladding - Shree Ram & Company Vijeta Stone","Own Photo / Local Asset"
"index.html","13","/assets/images/marble-temple.webp","Marble Temples - Hand-carved Indian white marble home mandir - Shree Ram & Company Vijeta Stone","Own Photo / Local Asset"
"index.html","14","/assets/images/stone-temple.webp","Stone Temple - Sacred Pink Sandstone Bansi Paharpur outdoor mandir shikhara - Shree Ram & Company Vijeta Stone","Own Photo / Local Asset"
"index.html","15","/assets/images/pooja-room.webp","Pooja Rooms - Complete luxury white marble mandir sanctum interior - Shree Ram & Company Vijeta Stone","Own Photo / Local Asset"
"index.html","16","/assets/images/marble-inlay.webp","Marble Inlay - Exquisite traditional semi-precious stone floral inlay on white marble - Shree Ram & Company Vijeta Stone","Own Photo / Local Asset"
"index.html","17","/assets/images/marble-statue.webp","Statues - Single-block hand-sculpted crystalline white marble deity idol - Shree Ram & Company Vijeta Stone","Own Photo / Local Asset"
"index.html","18","/assets/images/gazebo.webp","Gazebos - Hand-carved Rajasthani royal pink sandstone garden chhatri - Shree Ram & Company Vijeta Stone","Own Photo / Local Asset"
"index.html","19","/assets/images/arch-mehrab.webp","Arches and Mehrabs - Hand-carved decorative sandstone archway in Gwalior Mint and Pink Sandstone - Shree Ram & Company Vijeta Stone","Own Photo / Local Asset"
"index.html","20","/assets/images/pillar.webp","Pillars - Monumental fluted architectural stone columns with carved lotus capitals - Shree Ram & Company Vijeta Stone","Own Photo / Local Asset"
"index.html","21","/assets/images/handicrafts.webp","Handicrafts - Hand-carved Indian white marble and sandstone artisan decor - Shree Ram & Company Vijeta Stone","Own Photo / Local Asset"
"index.html","22","/assets/images/marble-table-tops.webp","Marble Table Tops - Solid Indian white marble table top with traditional floral vine border - Shree Ram & Company Vijeta Stone","Own Photo / Local Asset"
"index.html","23","/assets/images/water-fountain.webp","Water Fountains - Multi-tiered hand-carved pink sandstone courtyard water fountain - Shree Ram & Company Vijeta Stone","Own Photo / Local Asset"
"index.html","24","/assets/images/stone-jali.webp","Stone Jali - Hand-carved natural Gwalior mint sandstone geometric lattice screen - Shree Ram & Company Vijeta Stone","Own Photo / Local Asset"
"index.html","25","/assets/images/mdf-jali.webp","MDF HDMR Jali - Precision CNC-cut decorative interior room divider screen - Shree Ram & Company Vijeta Stone","Own Photo / Local Asset"
"index.html","26","/assets/images/partition-jali.webp","Partition Jali - Hand-carved architectural stone room partition screen - Shree Ram & Company Vijeta Stone","Own Photo / Local Asset"
"index.html","27","/assets/images/wpc-jali.webp","PVC WPC Jali - Weatherproof exterior CNC-cut balcony privacy screen - Shree Ram & Company Vijeta Stone","Own Photo / Local Asset"
"index.html","28","https://upload.wikimedia.org/wikipedia/commons/5/53/Google_%22G%22_Logo.svg","Google","Own Photo / Local Asset"
"index.html","29","assets/images/avatar-kushal.jpg","Kushal Sharma","Own Photo / Local Asset"
"index.html","30","https://upload.wikimedia.org/wikipedia/commons/5/53/Google_%22G%22_Logo.svg","Google","Own Photo / Local Asset"
"index.html","31","https://upload.wikimedia.org/wikipedia/commons/5/53/Google_%22G%22_Logo.svg","Google Review","Own Photo / Local Asset"
"index.html","32","assets/images/avatar-mohan.jpg","mohan suthar","Own Photo / Local Asset"
"index.html","33","https://upload.wikimedia.org/wikipedia/commons/5/53/Google_%22G%22_Logo.svg","Google","Own Photo / Local Asset"
"index.html","34","https://upload.wikimedia.org/wikipedia/commons/5/53/Google_%22G%22_Logo.svg","Google Review","Own Photo / Local Asset"
"index.html","35","https://upload.wikimedia.org/wikipedia/commons/5/53/Google_%22G%22_Logo.svg","Google","Own Photo / Local Asset"
"index.html","36","https://upload.wikimedia.org/wikipedia/commons/5/53/Google_%22G%22_Logo.svg","Google Review","Own Photo / Local Asset"
"index.html","37","https://upload.wikimedia.org/wikipedia/commons/5/53/Google_%22G%22_Logo.svg","Google","Own Photo / Local Asset"
"index.html","38","https://images.unsplash.com/photo-1599696848652-f0ff23bc911f?auto=format&fit=crop&w=1000&q=80","CNC and Chisel","Stock"
"index.html","39","https://images.unsplash.com/photo-1567157577867-05ccb1388e66?auto=format&fit=crop&w=400&q=80","Vastu Temple","Stock"
"index.html","40","https://images.unsplash.com/photo-1590381105924-c72589b9ef3f?auto=format&fit=crop&w=400&q=80","Sandstone Facade","Stock"
"index.html","41","https://images.unsplash.com/photo-1578632767115-351597cf2477?auto=format&fit=crop&w=400&q=80","Indian White Marble","Stock"
"index.html","42","/assets/images/brand-logo.jpg","Shree Ram & Company Logo","Own Photo / Local Asset"
"stone-jali/index.html","1","/assets/images/brand-logo-transparent.png","Shree Ram & Company Logo","Own Photo / Local Asset"
"stone-jali/index.html","2","/assets/images/stone-jali.webp","Stone Jali Screen Background","Own Photo / Local Asset"
"stone-jali/index.html","3","/assets/images/stone-jali.webp","Architectural Sandstone Facade Jali Architectural Handcrafted Natural Stone Carving - Shree Ram &amp; Company Jaipur - View 1","Own Photo / Local Asset"
"stone-jali/index.html","4","/assets/images/mdf-jali.webp","Architectural Sandstone Facade Jali Architectural Handcrafted Natural Stone Carving - Shree Ram &amp; Company Jaipur - View 2","Own Photo / Local Asset"
"stone-jali/index.html","5","/assets/images/wpc-jali.webp","Architectural Sandstone Facade Jali Architectural Handcrafted Natural Stone Carving - Shree Ram &amp; Company Jaipur - View 3","Own Photo / Local Asset"
"stone-jali/index.html","6","/assets/images/elevation-facade.webp","Architectural Sandstone Facade Jali Architectural Handcrafted Natural Stone Carving - Shree Ram &amp; Company Jaipur - View 4","Own Photo / Local Asset"
"stone-jali/index.html","7","/assets/images/jaipur-artisan.jpg","Architectural Sandstone Facade Jali Architectural Handcrafted Natural Stone Carving - Shree Ram &amp; Company Jaipur - View 5","Own Photo / Local Asset"
"stone-jali/index.html","8","/assets/images/stone-jali.webp","Mughal Floral Perforated Stone Screen Architectural Handcrafted Natural Stone Carving - Shree Ram &amp; Company Jaipur - View 1","Own Photo / Local Asset"
"stone-jali/index.html","9","/assets/images/arch-mehrab.webp","Mughal Floral Perforated Stone Screen Architectural Handcrafted Natural Stone Carving - Shree Ram &amp; Company Jaipur - View 2","Own Photo / Local Asset"
"stone-jali/index.html","10","/assets/images/stone-carving.jpg","Mughal Floral Perforated Stone Screen Architectural Handcrafted Natural Stone Carving - Shree Ram &amp; Company Jaipur - View 3","Own Photo / Local Asset"
"stone-jali/index.html","11","/assets/images/wpc-jali.webp","Mughal Floral Perforated Stone Screen Architectural Handcrafted Natural Stone Carving - Shree Ram &amp; Company Jaipur - View 4","Own Photo / Local Asset"
"stone-jali/index.html","12","/assets/images/jaipur-artisan.jpg","Mughal Floral Perforated Stone Screen Architectural Handcrafted Natural Stone Carving - Shree Ram &amp; Company Jaipur - View 5","Own Photo / Local Asset"
"stone-jali/index.html","13","/assets/images/brand-logo.jpg","Shree Ram & Company Logo","Own Photo / Local Asset"
"cnc-jali-work/index.html","1","/assets/images/brand-logo-transparent.png","Shree Ram & Company Logo","Own Photo / Local Asset"
"cnc-jali-work/index.html","2","/assets/images/stone-jali.webp","CNC Jali Work - Shree Ram & Company Jaipur","Own Photo / Local Asset"
"cnc-jali-work/index.html","3","/assets/images/stone-jali.webp","Stone Jali - Natural Sandstone and Marble Lattice Screen","Own Photo / Local Asset"
"cnc-jali-work/index.html","4","/assets/images/mdf-jali.webp","MDF and HDMR Jali Screens for Interior Pooja Mandirs","Own Photo / Local Asset"
"cnc-jali-work/index.html","5","/assets/images/partition-jali.webp","Architectural Partition Jali Divider Screens","Own Photo / Local Asset"
"cnc-jali-work/index.html","6","/assets/images/wpc-jali.webp","Waterproof WPC and PVC Jali for Exterior Balconies","Own Photo / Local Asset"
"cnc-jali-work/index.html","7","/assets/images/brand-logo.jpg","Shree Ram & Company Logo","Own Photo / Local Asset"
"stone-wall-panels/fluted-stone-panels/index.html","1","/assets/images/brand-logo-transparent.png","Shree Ram & Company Logo","Own Photo / Local Asset"
"stone-wall-panels/fluted-stone-panels/index.html","2","/assets/images/fluted-stone-panels.webp","Fluted Stone Panels - Shree Ram & Company","Own Photo / Local Asset"
"stone-wall-panels/fluted-stone-panels/index.html","3","/assets/images/fluted-stone-panels.webp","Precision CNC milled fluted stone wall panels in natural sandstone - Shree Ram and Company Vijeta Stone","Own Photo / Local Asset"
"stone-wall-panels/fluted-stone-panels/index.html","4","/assets/images/fluted-mdf-panels.webp","Precision fluted interior accent wall paneling - Shree Ram and Company Vijeta Stone","Own Photo / Local Asset"
"stone-wall-panels/fluted-stone-panels/index.html","5","/assets/images/wall-cladding.webp","Natural architectural stone wall cladding panels - Shree Ram and Company Vijeta Stone","Own Photo / Local Asset"
"stone-wall-panels/fluted-stone-panels/index.html","6","/assets/images/wall-cladding.webp","Textured Stone Panels - Shree Ram & Company","Own Photo / Local Asset"
"stone-wall-panels/fluted-stone-panels/index.html","7","/assets/images/statement-wall.webp","Wave Stone Panels - Shree Ram & Company","Own Photo / Local Asset"
"stone-wall-panels/fluted-stone-panels/index.html","8","/assets/images/featured-wall.webp","Geometrical Stone Panels - Shree Ram & Company","Own Photo / Local Asset"
"stone-wall-panels/fluted-stone-panels/index.html","9","/assets/images/brand-logo.jpg","Shree Ram & Company Logo","Own Photo / Local Asset"
"stone-art-murals/radhe-krishna-stone-art-mural/index.html","1","/assets/images/brand-logo-transparent.png","Shree Ram & Company Logo","Own Photo / Local Asset"
"stone-art-murals/radhe-krishna-stone-art-mural/index.html","2","/assets/images/radhe-krishna-mural.webp","Radhe Krishna Stone Art & Mural - Shree Ram & Company","Own Photo / Local Asset"
"stone-art-murals/radhe-krishna-stone-art-mural/index.html","3","/assets/images/radhe-krishna-mural.webp","Handcrafted Radhe Krishna stone art mural bas-relief in natural sandstone - Shree Ram and Company Vijeta Stone","Own Photo / Local Asset"
"stone-art-murals/radhe-krishna-stone-art-mural/index.html","4","/assets/images/shreenath-ji-mural.webp","Sacred Shreenath Ji divine stone wall relief panel - Shree Ram and Company Vijeta Stone","Own Photo / Local Asset"
"stone-art-murals/radhe-krishna-stone-art-mural/index.html","5","/assets/images/ram-darbar-mural.webp","Sacred Ram Darbar handcrafted stone mural carving - Shree Ram and Company Vijeta Stone","Own Photo / Local Asset"
"stone-art-murals/radhe-krishna-stone-art-mural/index.html","6","/assets/images/ganesh-ji-mural.webp","Ganesh Ji Stone Art & Mural - Shree Ram & Company","Own Photo / Local Asset"
"stone-art-murals/radhe-krishna-stone-art-mural/index.html","7","/assets/images/shiv-ji-mural.webp","Shiv Ji Stone Art & Mural - Shree Ram & Company","Own Photo / Local Asset"
"stone-art-murals/radhe-krishna-stone-art-mural/index.html","8","/assets/images/durga-mata-mural.webp","Durga Mata Ji Stone Art & Mural - Shree Ram & Company","Own Photo / Local Asset"
"stone-art-murals/radhe-krishna-stone-art-mural/index.html","9","/assets/images/hanuman-ji-mural.webp","Hanuman Ji Stone Art & Mural - Shree Ram & Company","Own Photo / Local Asset"
"stone-art-murals/radhe-krishna-stone-art-mural/index.html","10","/assets/images/brand-logo.jpg","Shree Ram & Company Logo","Own Photo / Local Asset"
"stone-carving/staircase-wall/index.html","1","/assets/images/brand-logo-transparent.png","Shree Ram & Company Logo","Own Photo / Local Asset"
"stone-carving/staircase-wall/index.html","2","/assets/images/staircase-mandala-radial-carving.webp","Staircase Stone Carving Wall - Shree Ram & Company","Own Photo / Local Asset"
"stone-carving/staircase-wall/index.html","3","/assets/images/staircase-mandala-radial-carving.webp","Intricate multi-layered radial mandala medallion carved sandstone panel in luxury duplex staircase atrium - Shree Ram and Company Vijeta Stone","Own Photo / Local Asset"
"stone-carving/staircase-wall/index.html","4","/assets/images/staircase-maple-leaf-relief.webp","Ascending botanical maple leaf relief carved stone wall panel flanking modern villa staircase risers - Shree Ram and Company Vijeta Stone","Own Photo / Local Asset"
"stone-carving/staircase-wall/index.html","5","/assets/images/staircase-ginkgo-backlit-panel.webp","Backlit ginkgo leaf carved natural stone feature panel with warm indirect illumination in staircase landing - Shree Ram and Company Vijeta Stone","Own Photo / Local Asset"
"stone-carving/staircase-wall/index.html","6","/assets/images/double-height-lotus-backlit.jpg","Sacred blooming lotus bas-relief carved sandstone panel with integrated LED illumination beside staircase - Shree Ram and Company Vijeta Stone","Own Photo / Local Asset"
"stone-carving/staircase-wall/index.html","7","/assets/images/double-height-medallion-facade.jpg","Classical carved stone medallion and ornate lattice border cladding spanning double-story staircase wall - Shree Ram and Company Vijeta Stone","Own Photo / Local Asset"
"stone-carving/staircase-wall/index.html","8","/assets/images/double-height-wall-02.webp","Swirling vortex acoustic wave carved sandstone cladding in contemporary multi-level staircase corridor - Shree Ram and Company Vijeta Stone","Own Photo / Local Asset"
"stone-carving/staircase-wall/index.html","9","/assets/images/double-height-wall-01.webp","Explore Double Height Wall Stone Carving - Shree Ram & Company Vijeta Stone","Own Photo / Local Asset"
"stone-carving/staircase-wall/index.html","10","/assets/images/sofa-wall.webp","Explore Sofa Wall Stone Carving - Shree Ram & Company Vijeta Stone","Own Photo / Local Asset"
"stone-carving/staircase-wall/index.html","11","/assets/images/statement-wall.webp","Explore Statement Wall Stone Carving - Shree Ram & Company Vijeta Stone","Own Photo / Local Asset"
"stone-carving/staircase-wall/index.html","12","/assets/images/living-room-wall.webp","Explore Living Room Wall Stone Carving - Shree Ram & Company Vijeta Stone","Own Photo / Local Asset"
"stone-carving/staircase-wall/index.html","13","/assets/images/featured-wall.webp","Explore Featured Wall Stone Carving - Shree Ram & Company Vijeta Stone","Own Photo / Local Asset"
"stone-carving/staircase-wall/index.html","14","/assets/images/brand-logo.jpg","Shree Ram & Company Logo","Own Photo / Local Asset"
