"Category","Product","Images","Material","Source","Dimensions","UnwatermarkedBackup","NeedsRealPhoto"
"Wall Surfaces","Double Height Wall","6","Gwalior Mint Sandstone & Teak Sandstone","Client Project Photo","900 x 1201","Yes","No (Authentic client project photos installed)"
"Wall Surfaces","Staircase Wall","5","Gwalior Mint Sandstone & Kandla Grey Sandstone","Client Project Photo","900 x 1200","Yes","No (Authentic client project photos installed)"
"Wall Surfaces","Sofa Wall","5","Teak Sandstone & Gwalior Mint Sandstone","Client Project Photo","896 x 1200","Yes","No"
"Wall Surfaces","Statement Wall","5","Pink Sandstone Bansi Paharpur & Indian White Marble","Client Project Photo","896 x 1200","Yes","No"
"Wall Surfaces","Living Room Wall","5","Jaisalmer Sandstone & Teak Sandstone","Client Project Photo","896 x 1200","Yes","No"
"Wall Surfaces","Featured Wall","5","Moka Grey & Gwalior Mint Sandstone","Client Project Photo","896 x 1200","Yes","No"
"Wall Surfaces","Radhe Krishna Stone Art & Mural","5","Indian White Marble & Pink Sandstone Bansi Paharpur","Client Project Photo","1200 x 896","Yes","No"
"Wall Surfaces","Buddha Stone Art & Mural","5","Gwalior Mint Sandstone","Client Project Photo","1200 x 896","Yes","No"
"Wall Surfaces","Hanuman Ji Stone Art & Mural","5","Red Sandstone Karauli","Client Project Photo","896 x 1200","Yes","No"
"Wall Surfaces","Durga Mata Ji Stone Art & Mural","5","Indian White Marble & Pink Sandstone Bansi Paharpur","Client Project Photo","896 x 1200","Yes","No"
"Wall Surfaces","Ganesh Ji Stone Art & Mural","5","Jaisalmer Sandstone & Teak Sandstone","Client Project Photo","896 x 1200","Yes","No"
"Wall Surfaces","Laxmi Ji Stone Art & Mural","5","Vietnam White Marble","AI placeholder (Photorealistic architectural rendering)","896 x 1200","Yes","Yes (Replace with client workshop photo of Laxmi Ji marble carving)"
"Wall Surfaces","Ram Darbar Stone Art & Mural","5","Pink Sandstone Bansi Paharpur & Indian White Marble","Client Project Photo","896 x 1200","Yes","No"
"Wall Surfaces","Shiv Ji Stone Art & Mural","5","Moka Grey & Kandla Grey Sandstone","Client Project Photo","896 x 1200","Yes","No"
"Wall Surfaces","Swaminarayan Ji Stone Art & Mural","5","Pink Sandstone Bansi Paharpur & Indian White Marble","AI placeholder (Photorealistic architectural rendering)","896 x 1200","Yes","Yes (Replace with client workshop photo of Swaminarayan Ji carving)"
"Wall Surfaces","Shreenath Ji Stone Art & Mural","5","Jaisalmer Sandstone & Indian White Marble","AI placeholder (Photorealistic architectural rendering)","896 x 1200","Yes","Yes (Replace with client workshop photo of Shreenath Ji carving)"
"Wall Surfaces","Village Stone Art & Mural","5","Red Sandstone Karauli & Teak Sandstone","AI placeholder (Photorealistic architectural rendering)","896 x 1200","Yes","Yes (Replace with client workshop photo of rural village carving)"
"Wall Surfaces","Floral Stone Art","5","Gwalior Mint Sandstone & Indian White Marble","Client Project Photo","896 x 1200","Yes","No"
"Wall Surfaces","Fluted Stone Panels","5","Kandla Grey Sandstone & Gwalior Mint Sandstone","AI placeholder (Photorealistic architectural rendering)","896 x 1200","Yes","Yes (Replace with client site photo of fluted stone wall)"
"Wall Surfaces","Textured Stone Panels","5","Moka Grey & Red Sandstone Karauli","AI placeholder (Photorealistic architectural rendering)","896 x 1200","Yes","Yes (Replace with client site photo of split-face stone wall)"
"Wall Surfaces","Wave Stone Panels","5","Vietnam White Marble & Gwalior Mint Sandstone","AI placeholder (Photorealistic architectural rendering)","896 x 1200","Yes","Yes (Replace with client site photo of 3D wave stone wall)"
"Wall Surfaces","Geometrical Stone Panels","5","Teak Sandstone & Jaisalmer Sandstone","AI placeholder (Photorealistic architectural rendering)","896 x 1200","Yes","Yes (Replace with client site photo of geometric stone wall)"
"Wall Surfaces","MDF HDMR Wall Panels","5","High-Density Moisture-Resistant (HDMR) Board","AI placeholder (Photorealistic architectural rendering)","896 x 1200","Yes","Yes (Replace with factory photo of CNC routed HDMR panels)"
"Wall Surfaces","Fluted MDF Panels","5","HDMR Board with Teak Veneer / Matte PU","AI placeholder (Photorealistic architectural rendering)","896 x 1200","Yes","Yes (Replace with factory photo of fluted HDMR panels)"
"Wall Surfaces","Textured MDF Panels","5","HDMR Board with Satin / Metallic Finish","AI placeholder (Photorealistic architectural rendering)","896 x 1200","Yes","Yes (Replace with factory photo of textured HDMR panels)"
"Wall Surfaces","Wave MDF Panels","5","High-Density HDMR Board","AI placeholder (Photorealistic architectural rendering)","896 x 1200","Yes","Yes (Replace with factory photo of wave HDMR panels)"
"Wall Surfaces","Geometrical MDF Panels","5","HDMR Board with PU Finish","AI placeholder (Photorealistic architectural rendering)","896 x 1200","Yes","Yes (Replace with factory photo of geometric HDMR panels)"
"Exterior Elevation","Elevation Facade","5","Gwalior Mint Sandstone, Karauli Red & Bansi Paharpur Pink Sandstone","Client Project Photo","1200 x 896","Yes","No"
"Exterior Elevation","Customised Name Plates","5","Jaisalmer Sandstone & Indian White Marble","Licensed Architectural Photography","900 x 1200","Yes","Optional (Authentic carved stone plaque installed)"
"Exterior Elevation","Wall Cladding","5","Kandla Grey Sandstone, Moka Grey & Red Sandstone Karauli","Licensed Architectural Photography","900 x 1200","Yes","Optional (Authentic split-face stone cladding installed)"
"Exterior Elevation","Garden Articles","5","Pink Sandstone Bansi Paharpur & Gwalior Mint Sandstone","Licensed Architectural Photography","900 x 1200","Yes","Optional (Authentic carved stone urn planter installed)"
"Temples & Statues","Marble Temples","5","Indian White Marble (Makrana Grade)","Client Project Photo","1200 x 896","Yes","No"
"Temples & Statues","Stone Temple","5","Pink Sandstone Bansi Paharpur & Gwalior Mint Sandstone","Licensed Architectural Photography","900 x 1200","Yes","Optional (Authentic nagara shikhara sandstone temple installed)"
"Temples & Statues","Pooja Rooms","5","Indian White Marble & Vietnam White Marble","Licensed Architectural Photography","900 x 1200","Yes","Optional (Authentic white marble sanctum installed)"
"Temples & Statues","Marble Inlay","5","Indian White Marble with Pietra Dura Semi-Precious Stone Inlay","Client Project Photo","1200 x 896","Yes","No"
"Temples & Statues","Statues","5","Vietnam White Marble & Indian White Marble","Licensed Architectural Photography","900 x 1200","Yes","Optional (Authentic hand-sculpted white marble deity idol installed)"
"Temples & Statues","Gazebos","5","Pink Sandstone Bansi Paharpur & Red Sandstone Karauli","Licensed Architectural Photography","900 x 1200","Yes","Optional (Authentic royal Bada Bagh sandstone chhatri installed)"
"Temples & Statues","Arches & Mehrabs","5","Gwalior Mint Sandstone & Pink Sandstone Bansi Paharpur","Client Project Photo","896 x 1200","Yes","No"
"Temples & Statues","Pillars","5","Gwalior Mint Sandstone, Pink Sandstone & Teak Sandstone","Licensed Architectural Photography","900 x 1200","Yes","Optional (Authentic hand-carved stone temple pillars installed)"
"Home Interior & Decor","Handicrafts","5","Indian White Marble, Jaisalmer Sandstone & Teak Sandstone","Licensed Architectural Photography","900 x 1200","Yes","Optional (Authentic Jaipur carved marble artisan handicraft installed)"
"Home Interior & Decor","Marble Table Tops","5","Indian White Marble with Pietra Dura Inlay","Licensed Architectural Photography","900 x 1200","Yes","Optional (Authentic Agra Pietra Dura marble dining table installed)"
"Home Interior & Decor","Water Fountains","5","Pink Sandstone Bansi Paharpur & Kandla Grey Sandstone","Client Project Photo","1200 x 896","Yes","No"
"CNC Jali Work","Stone Jali","5","Gwalior Mint Sandstone, Pink Sandstone & Indian White Marble","Client Project Photo","1200 x 896","Yes","No"
"CNC Jali Work","MDF / HDMR Jali","5","High-Density HDMR Board (Matte PU Painted)","Licensed Architectural Photography","900 x 1200","Yes","Optional (Authentic CNC-cut interior room divider screen installed)"
"CNC Jali Work","Partition Jali","5","Teak Sandstone & Kandla Grey Sandstone","Licensed Architectural Photography","900 x 1200","Yes","Optional (Authentic architectural stone partition screen installed)"
"CNC Jali Work","PVC / WPC Jali","5","Weatherproof WPC / PVC Polymer","Licensed Architectural Photography","900 x 1200","Yes","Optional (Authentic exterior weatherproof facade screen installed)"
