"Pair","SentenceOverlap","SentenceCommon","ShingleOverlap","ShingleCommon","Status"
"index.html vs stone-jali/index.html","0","0","0.37","8","PASS"
"index.html vs cnc-jali-work/index.html","0","0","0.76","15","PASS"
"index.html vs stone-wall-panels/fluted-stone-panels/index.html","0","0","0","0","PASS"
"index.html vs stone-art-murals/radhe-krishna-stone-art-mural/index.html","0","0","0.54","13","PASS"
"index.html vs stone-carving/staircase-wall/index.html","4.81","5","4.19","107","PASS"
"stone-jali/index.html vs cnc-jali-work/index.html","0","0","0.33","5","PASS"
"stone-jali/index.html vs stone-wall-panels/fluted-stone-panels/index.html","0","0","0.05","1","PASS"
"stone-jali/index.html vs stone-art-murals/radhe-krishna-stone-art-mural/index.html","0","0","0.1","2","PASS"
"stone-jali/index.html vs stone-carving/staircase-wall/index.html","0","0","0.13","3","PASS"
"cnc-jali-work/index.html vs stone-wall-panels/fluted-stone-panels/index.html","0","0","0.06","1","PASS"
"cnc-jali-work/index.html vs stone-art-murals/radhe-krishna-stone-art-mural/index.html","0","0","0.22","4","PASS"
"cnc-jali-work/index.html vs stone-carving/staircase-wall/index.html","0","0","0.25","5","PASS"
"stone-wall-panels/fluted-stone-panels/index.html vs stone-art-murals/radhe-krishna-stone-art-mural/index.html","0","0","0.42","9","PASS"
"stone-wall-panels/fluted-stone-panels/index.html vs stone-carving/staircase-wall/index.html","0","0","0.46","11","PASS"
"stone-art-murals/radhe-krishna-stone-art-mural/index.html vs stone-carving/staircase-wall/index.html","0","0","0.98","24","PASS"
