"RelPath","URL","Type","Title","H1","WordCount","Canonical","InSitemap"
"404.html","/404.html","Full Page","Page Not Found (404) | Shree Ram & Company","The Masterpiece You Seek Has Moved","83","","No"
"index.html","/","Full Page","Shree Ram And Company Vijeta Stone | Luxury Stone Carving Jaipur","Premium Stone Carving &amp; Marble Temple Manufacturer in Jaipur, India","1727","https://shreeramandcompany.com/","Yes"
"about-us/index.html","/about-us/","Full Page","About Us | Shree Ram And Company Vijeta Stone","Our Legacy & Artistry","669","https://shreeramandcompany.com/about-us/","Yes"
"arch-mehrab/index.html","/arch-mehrab/","Full Page","Carved Stone Arches & Mehrabs Jaipur | Shree Ram & Company","Carved Stone Arches &amp; Mehrabs Manufacturer in Jaipur","964","https://shreeramandcompany.com/arch-mehrab/","Yes"
"articles/index.html","/articles/","Full Page","Stone Architecture & Carving Guides | Shree Ram & Company","Articles & Insights","307","https://shreeramandcompany.com/articles/","Yes"
"blog/index.html","/blog/","Redirect Stub","Redirecting to Articles | Shree Ram & Company","(None)","19","https://shreeramandcompany.com/articles/","No"
"contact/index.html","/contact/","Full Page","Contact Us | Shree Ram And Company Vijeta Stone","Contact Us","343","https://shreeramandcompany.com/contact/","Yes"
"customised-name-plate/index.html","/customised-name-plate/","Full Page","Custom Stone Name Plates Jaipur | Shree Ram & Company","Customised Stone Name Plates Manufacturer in Jaipur","1025","https://shreeramandcompany.com/customised-name-plate/","Yes"
"elevation-facade/index.html","/elevation-facade/","Full Page","Stone Elevation Facade in Jaipur | Shree Ram & Company","Stone Elevation Facade Manufacturer &amp; Supplier in Jaipur","1154","https://shreeramandcompany.com/elevation-facade/","Yes"
"garden-article/index.html","/garden-article/","Full Page","Stone Garden Articles & Planters Jaipur | Shree Ram & Company","Stone Garden Articles &amp; Planters Manufacturer in Jaipur","904","https://shreeramandcompany.com/garden-article/","Yes"
"gazebo/index.html","/gazebo/","Full Page","Stone Gazebos & Pavilions Jaipur | Shree Ram & Company","Carved Stone Gazebos &amp; Pavilions Manufacturer in Jaipur","998","https://shreeramandcompany.com/gazebo/","Yes"
"get-a-quote/index.html","/get-a-quote/","Full Page","Request a Custom Quote | Shree Ram & Company","Contact Us","354","https://shreeramandcompany.com/get-a-quote/","Yes"
"handicrafts/index.html","/handicrafts/","Full Page","Marble Handicrafts Manufacturer | Shree Ram & Company","Handcrafted Marble Artifacts &amp; Handicrafts in Jaipur","963","https://shreeramandcompany.com/handicrafts/","Yes"
"marble-inlay/index.html","/marble-inlay/","Full Page","Pietra Dura Marble Inlay Art Jaipur | Shree Ram & Company","Pietra Dura Marble Inlay Art Manufacturer in Jaipur","1072","https://shreeramandcompany.com/marble-inlay/","Yes"
"marble-table-tops/index.html","/marble-table-tops/","Full Page","Pietra Dura Marble Table Tops | Shree Ram & Company","Handcrafted Marble Inlay Table Tops Manufacturer in Jaipur","975","https://shreeramandcompany.com/marble-table-tops/","Yes"
"marble-temple/index.html","/marble-temple/","Full Page","Marble Temple Manufacturer in Jaipur | Shree Ram & Company","Custom Marble Temple Manufacturer in Jaipur | Handcrafted Mandirs","1237","https://shreeramandcompany.com/marble-temple/","Yes"
"mdf-hdmr-work/index.html","/mdf-hdmr-work/","Full Page","MDF & HDMR 3D Wall Panels | Shree Ram & Company","MDF &amp; HDMR 3D Wall Panels Manufacturer in Jaipur","1025","https://shreeramandcompany.com/mdf-hdmr-work/","Yes"
"mdf-hdmr-work/fluted/index.html","/mdf-hdmr-work/fluted/","Redirect Stub","Redirecting to fluted | Shree Ram & Company","(None)","12","https://shreeramandcompany.com/mdf-hdmr-work/","No"
"mdf-hdmr-work/fluted-mdf-panels/index.html","/mdf-hdmr-work/fluted-mdf-panels/","Redirect Stub","Redirecting to Fluted MDF Panels | Shree Ram & Company","(None)","16","https://shreeramandcompany.com/mdf-hdmr-work/","No"
"mdf-hdmr-work/geometrical/index.html","/mdf-hdmr-work/geometrical/","Redirect Stub","Redirecting to geometrical | Shree Ram & Company","(None)","12","https://shreeramandcompany.com/mdf-hdmr-work/","No"
"mdf-hdmr-work/geometrical-mdf-panels/index.html","/mdf-hdmr-work/geometrical-mdf-panels/","Redirect Stub","Redirecting to Geometrical MDF Panels | Shree Ram & Company","(None)","16","https://shreeramandcompany.com/mdf-hdmr-work/","No"
"mdf-hdmr-work/mdf-hdmr-wall-panels/index.html","/mdf-hdmr-work/mdf-hdmr-wall-panels/","Redirect Stub","Redirecting to MDF HDMR Wall Panels | Shree Ram & Company","(None)","18","https://shreeramandcompany.com/mdf-hdmr-work/","No"
"mdf-hdmr-work/textured/index.html","/mdf-hdmr-work/textured/","Redirect Stub","Redirecting to textured | Shree Ram & Company","(None)","12","https://shreeramandcompany.com/mdf-hdmr-work/","No"
"mdf-hdmr-work/textured-mdf-panels/index.html","/mdf-hdmr-work/textured-mdf-panels/","Redirect Stub","Redirecting to Textured MDF Panels | Shree Ram & Company","(None)","16","https://shreeramandcompany.com/mdf-hdmr-work/","No"
"mdf-hdmr-work/wall-panels/index.html","/mdf-hdmr-work/wall-panels/","Redirect Stub","Redirecting to wall-panels | Shree Ram & Company","(None)","12","https://shreeramandcompany.com/mdf-hdmr-work/","No"
"mdf-hdmr-work/wave/index.html","/mdf-hdmr-work/wave/","Redirect Stub","Redirecting to wave | Shree Ram & Company","(None)","12","https://shreeramandcompany.com/mdf-hdmr-work/","No"
"mdf-hdmr-work/wave-mdf-panels/index.html","/mdf-hdmr-work/wave-mdf-panels/","Redirect Stub","Redirecting to Wave MDF Panels | Shree Ram & Company","(None)","16","https://shreeramandcompany.com/mdf-hdmr-work/","No"
"mdf-jali/index.html","/mdf-jali/","Full Page","MDF Jali Screens Manufacturer | Shree Ram & Company","MDF &amp; HDMR CNC Jali Screens Manufacturer in Jaipur","975","https://shreeramandcompany.com/mdf-jali/","Yes"
"murals-wall-art/index.html","/murals-wall-art/","Full Page","Stone Murals & Wall Art Jaipur | Shree Ram & Company","Bespoke Stone Murals &amp; Wall Art Manufacturer in Jaipur","1094","https://shreeramandcompany.com/murals-wall-art/","Yes"
"partition-jali/index.html","/partition-jali/","Full Page","Partition Jali Room Dividers | Shree Ram & Company","Architectural Partition Jali Screens Manufacturer in Jaipur","1007","https://shreeramandcompany.com/partition-jali/","Yes"
"pillar/index.html","/pillar/","Full Page","Carved Stone Pillars & Columns | Shree Ram & Company","Carved Stone Pillars &amp; Architectural Columns in Jaipur","1017","https://shreeramandcompany.com/pillar/","Yes"
"pooja-room/index.html","/pooja-room/","Full Page","Pooja Room Mandapam Manufacturer | Shree Ram & Company","Custom Pooja Room Mandapams &amp; Backdrops in Jaipur","1140","https://shreeramandcompany.com/pooja-room/","Yes"
"privacy-policy/index.html","/privacy-policy/","Full Page","Privacy Policy | Shree Ram & Company (Vijeta Stone) Jaipur","Privacy Policy","293","https://shreeramandcompany.com/privacy-policy/","Yes"
"statue/index.html","/statue/","Full Page","Marble Statues & God Idols | Shree Ram & Company","Hand-Carved Marble Statues &amp; God Idols in Jaipur","1124","https://shreeramandcompany.com/statue/","Yes"
"stone-art-murals/index.html","/stone-art-murals/","Full Page","Stone Art Murals & Panels | Shree Ram & Company","Handcrafted Stone Art &amp; Spiritual Murals in Jaipur","1087","https://shreeramandcompany.com/stone-art-murals/","Yes"
"stone-art-murals/buddha/index.html","/stone-art-murals/buddha/","Redirect Stub","Redirecting to buddha | Shree Ram & Company","(None)","12","https://shreeramandcompany.com/stone-art-murals/","No"
"stone-art-murals/buddha-stone-art-mural/index.html","/stone-art-murals/buddha-stone-art-mural/","Redirect Stub","Redirecting to Buddha Stone Art & Mural | Shree Ram & Company","(None)","20","https://shreeramandcompany.com/stone-art-murals/","No"
"stone-art-murals/durga-mata-ji/index.html","/stone-art-murals/durga-mata-ji/","Redirect Stub","Redirecting to durga-mata-ji | Shree Ram & Company","(None)","12","https://shreeramandcompany.com/stone-art-murals/","No"
"stone-art-murals/durga-mata-ji-stone-art-mural/index.html","/stone-art-murals/durga-mata-ji-stone-art-mural/","Redirect Stub","Redirecting to Durga Mata Ji Stone Art & Mural | Shree Ram & Company","(None)","24","https://shreeramandcompany.com/stone-art-murals/","No"
"stone-art-murals/floral-stone-art/index.html","/stone-art-murals/floral-stone-art/","Redirect Stub","Redirecting to floral-stone-art | Shree Ram & Company","(None)","12","https://shreeramandcompany.com/stone-art-murals/","No"
"stone-art-murals/ganesh-ji/index.html","/stone-art-murals/ganesh-ji/","Redirect Stub","Redirecting to ganesh-ji | Shree Ram & Company","(None)","12","https://shreeramandcompany.com/stone-art-murals/","No"
"stone-art-murals/ganesh-ji-stone-art-mural/index.html","/stone-art-murals/ganesh-ji-stone-art-mural/","Redirect Stub","Redirecting to Ganesh Ji Stone Art & Mural | Shree Ram & Company","(None)","22","https://shreeramandcompany.com/stone-art-murals/","No"
"stone-art-murals/hanuman-ji/index.html","/stone-art-murals/hanuman-ji/","Redirect Stub","Redirecting to hanuman-ji | Shree Ram & Company","(None)","12","https://shreeramandcompany.com/stone-art-murals/","No"
"stone-art-murals/hanuman-ji-stone-art-mural/index.html","/stone-art-murals/hanuman-ji-stone-art-mural/","Redirect Stub","Redirecting to Hanuman Ji Stone Art & Mural | Shree Ram & Company","(None)","22","https://shreeramandcompany.com/stone-art-murals/","No"
"stone-art-murals/laxmi-ji/index.html","/stone-art-murals/laxmi-ji/","Redirect Stub","Redirecting to laxmi-ji | Shree Ram & Company","(None)","12","https://shreeramandcompany.com/stone-art-murals/","No"
"stone-art-murals/laxmi-ji-stone-art-mural/index.html","/stone-art-murals/laxmi-ji-stone-art-mural/","Redirect Stub","Redirecting to Laxmi Ji Stone Art & Mural | Shree Ram & Company","(None)","22","https://shreeramandcompany.com/stone-art-murals/","No"
"stone-art-murals/radhe-krishna/index.html","/stone-art-murals/radhe-krishna/","Redirect Stub","Redirecting to radhe-krishna | Shree Ram & Company","(None)","12","https://shreeramandcompany.com/stone-art-murals/","No"
"stone-art-murals/radhe-krishna-stone-art-mural/index.html","/stone-art-murals/radhe-krishna-stone-art-mural/","Redirect Stub","Redirecting to Radhe Krishna Stone Art & Mural | Shree Ram & Company","(None)","22","https://shreeramandcompany.com/stone-art-murals/","No"
"stone-art-murals/ram-darbar/index.html","/stone-art-murals/ram-darbar/","Redirect Stub","Redirecting to ram-darbar | Shree Ram & Company","(None)","12","https://shreeramandcompany.com/stone-art-murals/","No"
"stone-art-murals/ram-darbar-stone-art-mural/index.html","/stone-art-murals/ram-darbar-stone-art-mural/","Redirect Stub","Redirecting to Ram Darbar Stone Art & Mural | Shree Ram & Company","(None)","22","https://shreeramandcompany.com/stone-art-murals/","No"
"stone-art-murals/shiv-ji/index.html","/stone-art-murals/shiv-ji/","Redirect Stub","Redirecting to shiv-ji | Shree Ram & Company","(None)","12","https://shreeramandcompany.com/stone-art-murals/","No"
"stone-art-murals/shiv-ji-stone-art-mural/index.html","/stone-art-murals/shiv-ji-stone-art-mural/","Redirect Stub","Redirecting to Shiv Ji Stone Art & Mural | Shree Ram & Company","(None)","22","https://shreeramandcompany.com/stone-art-murals/","No"
"stone-art-murals/shreenath-ji/index.html","/stone-art-murals/shreenath-ji/","Redirect Stub","Redirecting to shreenath-ji | Shree Ram & Company","(None)","12","https://shreeramandcompany.com/stone-art-murals/","No"
"stone-art-murals/shreenath-ji-stone-art-mural/index.html","/stone-art-murals/shreenath-ji-stone-art-mural/","Redirect Stub","Redirecting to Shreenath Ji Stone Art & Mural | Shree Ram & Company","(None)","22","https://shreeramandcompany.com/stone-art-murals/","No"
"stone-art-murals/swaminarayan-ji/index.html","/stone-art-murals/swaminarayan-ji/","Redirect Stub","Redirecting to swaminarayan-ji | Shree Ram & Company","(None)","12","https://shreeramandcompany.com/stone-art-murals/","No"
"stone-art-murals/swaminarayan-ji-stone-art-mural/index.html","/stone-art-murals/swaminarayan-ji-stone-art-mural/","Redirect Stub","Redirecting to Swaminarayan Ji Stone Art & Mural | Shree Ram & Company","(None)","22","https://shreeramandcompany.com/stone-art-murals/","No"
"stone-art-murals/village-stone-art/index.html","/stone-art-murals/village-stone-art/","Redirect Stub","Redirecting to village-stone-art | Shree Ram & Company","(None)","12","https://shreeramandcompany.com/stone-art-murals/","No"
"stone-art-murals/village-stone-art-mural/index.html","/stone-art-murals/village-stone-art-mural/","Redirect Stub","Redirecting to Village Stone Art & Mural | Shree Ram & Company","(None)","20","https://shreeramandcompany.com/stone-art-murals/","No"
"stone-carving/index.html","/stone-carving/","Full Page","Stone Carving Manufacturer in Jaipur | Shree Ram & Company","Stone Carving Manufacturer &amp; Architectural Relief Panels in Jaipur","1284","https://shreeramandcompany.com/stone-carving/","Yes"
"stone-carving/double-height-wall/index.html","/stone-carving/double-height-wall/","Full Page","Double Height Stone Wall Carving | Shree Ram & Company Jaipur","Double Height Stone Carving Wall","1667","https://shreeramandcompany.com/stone-carving/double-height-wall/","Yes"
"stone-carving/featured-wall/index.html","/stone-carving/featured-wall/","Full Page","Featured Stone Carving Wall Panels | Shree Ram & Company Jaipur","Featured Stone Carving Wall","1514","https://shreeramandcompany.com/stone-carving/featured-wall/","Yes"
"stone-carving/living-room-wall/index.html","/stone-carving/living-room-wall/","Full Page","Living Room Stone Carving Wall Panels | Shree Ram & Company","Living Room Stone Carving Wall","1563","https://shreeramandcompany.com/stone-carving/living-room-wall/","Yes"
"stone-carving/sofa-wall/index.html","/stone-carving/sofa-wall/","Full Page","Sofa Backdrop Stone Carving Panels | Shree Ram & Company Jaipur","Sofa Backdrop Stone Carving Wall","1577","https://shreeramandcompany.com/stone-carving/sofa-wall/","Yes"
"stone-carving/staircase-wall/index.html","/stone-carving/staircase-wall/","Full Page","Staircase Stone Carving Wall Panels | Shree Ram & Company Jaipur","Staircase Stone Carving Wall","1615","https://shreeramandcompany.com/stone-carving/staircase-wall/","Yes"
"stone-carving/statement-wall/index.html","/stone-carving/statement-wall/","Full Page","Statement Wall Stone Carving Panels | Shree Ram & Company Jaipur","Statement Stone Carving Wall","1531","https://shreeramandcompany.com/stone-carving/statement-wall/","Yes"
"stone-jali/index.html","/stone-jali/","Full Page","Stone Jali Screen Manufacturer Jaipur | Shree Ram & Company","CNC Natural Stone Jali Screen Manufacturer in Jaipur","1166","https://shreeramandcompany.com/stone-jali/","Yes"
"stone-temple/index.html","/stone-temple/","Full Page","Natural Stone Temple Manufacturer | Shree Ram & Company","Natural Sandstone Temple Manufacturer in Jaipur","1073","https://shreeramandcompany.com/stone-temple/","Yes"
"stone-wall-panels/index.html","/stone-wall-panels/","Full Page","Stone Wall Panels Manufacturer | Shree Ram & Company","Architectural 3D Stone Wall Panels Manufacturer in Jaipur","1009","https://shreeramandcompany.com/stone-wall-panels/","Yes"
"stone-wall-panels/fluted/index.html","/stone-wall-panels/fluted/","Redirect Stub","Redirecting to fluted | Shree Ram & Company","(None)","12","https://shreeramandcompany.com/stone-wall-panels/","No"
"stone-wall-panels/fluted-stone-panels/index.html","/stone-wall-panels/fluted-stone-panels/","Redirect Stub","Redirecting to Fluted Stone Panels | Shree Ram & Company","(None)","16","https://shreeramandcompany.com/stone-wall-panels/","No"
"stone-wall-panels/geometrical/index.html","/stone-wall-panels/geometrical/","Redirect Stub","Redirecting to geometrical | Shree Ram & Company","(None)","12","https://shreeramandcompany.com/stone-wall-panels/","No"
"stone-wall-panels/geometrical-stone-panels/index.html","/stone-wall-panels/geometrical-stone-panels/","Redirect Stub","Redirecting to Geometrical Stone Panels | Shree Ram & Company","(None)","16","https://shreeramandcompany.com/stone-wall-panels/","No"
"stone-wall-panels/textured/index.html","/stone-wall-panels/textured/","Redirect Stub","Redirecting to textured | Shree Ram & Company","(None)","12","https://shreeramandcompany.com/stone-wall-panels/","No"
"stone-wall-panels/textured-stone-panels/index.html","/stone-wall-panels/textured-stone-panels/","Redirect Stub","Redirecting to Textured Stone Panels | Shree Ram & Company","(None)","16","https://shreeramandcompany.com/stone-wall-panels/","No"
"stone-wall-panels/wave/index.html","/stone-wall-panels/wave/","Redirect Stub","Redirecting to wave | Shree Ram & Company","(None)","12","https://shreeramandcompany.com/stone-wall-panels/","No"
"stone-wall-panels/wave-stone-panels/index.html","/stone-wall-panels/wave-stone-panels/","Redirect Stub","Redirecting to Wave Stone Panels | Shree Ram & Company","(None)","16","https://shreeramandcompany.com/stone-wall-panels/","No"
"temple/index.html","/temple/","Full Page","Architectural Temples & Mandirs Jaipur | Shree Ram & Company","Architectural Temples &amp; Sacred Mandirs in Jaipur","1148","https://shreeramandcompany.com/temple/","Yes"
"terms-of-service/index.html","/terms-of-service/","Full Page","Terms of Service | Shree Ram & Company (Vijeta Stone)","Terms of Service","269","https://shreeramandcompany.com/terms-of-service/","Yes"
"wall-cladding/index.html","/wall-cladding/","Full Page","Stone Wall Cladding Manufacturer | Shree Ram & Company","Natural Stone Wall Cladding Manufacturer in Jaipur","1031","https://shreeramandcompany.com/wall-cladding/","Yes"
"water-fountain/index.html","/water-fountain/","Full Page","Stone Water Fountain Manufacturer Jaipur | Shree Ram & Company","Carved Stone &amp; Marble Water Fountain Manufacturer in Jaipur","1170","https://shreeramandcompany.com/water-fountain/","Yes"
"wpc-jali/index.html","/wpc-jali/","Full Page","WPC Jali Screens Manufacturer | Shree Ram & Company","Waterproof WPC Jali Screens Manufacturer in Jaipur","931","https://shreeramandcompany.com/wpc-jali/","Yes"
