"File","Pattern","Url"
"C:\Users\shree\OneDrive\Desktop\NTRY\index.html","unsplash\.com","https://images.unsplash.com/photo-1600607686527-6fb886090705?auto=format&fit=crop&q=80"
"C:\Users\shree\OneDrive\Desktop\NTRY\index.html","unsplash\.com","https://images.unsplash.com/photo-1600585154340-be6161a56a0c?auto=format&fit=crop&w=800&q=80"
"C:\Users\shree\OneDrive\Desktop\NTRY\index.html","unsplash\.com","https://images.unsplash.com/photo-1599696848652-f0ff23bc911f?auto=format&fit=crop&w=1000&q=80"
"C:\Users\shree\OneDrive\Desktop\NTRY\index.html","unsplash\.com","https://images.unsplash.com/photo-1567157577867-05ccb1388e66?auto=format&fit=crop&w=400&q=80"
"C:\Users\shree\OneDrive\Desktop\NTRY\index.html","unsplash\.com","https://images.unsplash.com/photo-1590381105924-c72589b9ef3f?auto=format&fit=crop&w=400&q=80"
"C:\Users\shree\OneDrive\Desktop\NTRY\index.html","unsplash\.com","https://images.unsplash.com/photo-1578632767115-351597cf2477?auto=format&fit=crop&w=400&q=80"
"C:\Users\shree\OneDrive\Desktop\NTRY\articles\index.html","unsplash\.com","https://images.unsplash.com/photo-1599696848652-f0ff23bc911f?auto=format&fit=crop&w=1920&q=80"
"C:\Users\shree\OneDrive\Desktop\NTRY\articles\index.html","unsplash\.com","https://images.unsplash.com/photo-1599696848652-f0ff23bc911f?auto=format&fit=crop&w=1000&q=80"
"C:\Users\shree\OneDrive\Desktop\NTRY\articles\index.html","unsplash\.com","https://images.unsplash.com/photo-1544816155-12df9643f363?auto=format&fit=crop&w=800&q=80"
"C:\Users\shree\OneDrive\Desktop\NTRY\articles\index.html","unsplash\.com","https://images.unsplash.com/photo-1590381105924-c72589b9ef3f?auto=format&fit=crop&w=800&q=80"
"C:\Users\shree\OneDrive\Desktop\NTRY\articles\index.html","unsplash\.com","https://images.unsplash.com/photo-1600585154340-be6161a56a0c?auto=format&fit=crop&w=800&q=80"
"C:\Users\shree\OneDrive\Desktop\NTRY\contact\index.html","unsplash\.com","https://images.unsplash.com/photo-1600585154340-be6161a56a0c?auto=format&fit=crop&w=1920&q=80"
"C:\Users\shree\OneDrive\Desktop\NTRY\get-a-quote\index.html","unsplash\.com","https://images.unsplash.com/photo-1600585154340-be6161a56a0c?auto=format&fit=crop&w=1920&q=80"
