"URL","Method","Target","CurrentTitle","Words"
"/blog/","Vercel 301 Permanent + Meta Refresh (0s)","/articles/","Redirecting to Articles | Shree Ram & Company","19"
"/mdf-hdmr-work/fluted/","Vercel 301 Permanent + Meta Refresh (0s)","/mdf-hdmr-work/#fluted","Redirecting to fluted | Shree Ram & Company","12"
"/mdf-hdmr-work/fluted-mdf-panels/","Vercel 301 Permanent + Meta Refresh (0s)","/mdf-hdmr-work/#fluted-mdf-panels","Redirecting to Fluted MDF Panels | Shree Ram & Company","16"
"/mdf-hdmr-work/geometrical/","Vercel 301 Permanent + Meta Refresh (0s)","/mdf-hdmr-work/#geometrical","Redirecting to geometrical | Shree Ram & Company","12"
"/mdf-hdmr-work/geometrical-mdf-panels/","Vercel 301 Permanent + Meta Refresh (0s)","/mdf-hdmr-work/#geometrical-mdf-panels","Redirecting to Geometrical MDF Panels | Shree Ram & Company","16"
"/mdf-hdmr-work/mdf-hdmr-wall-panels/","Vercel 301 Permanent + Meta Refresh (0s)","/mdf-hdmr-work/#mdf-hdmr-wall-panels","Redirecting to MDF HDMR Wall Panels | Shree Ram & Company","18"
"/mdf-hdmr-work/textured/","Vercel 301 Permanent + Meta Refresh (0s)","/mdf-hdmr-work/#textured","Redirecting to textured | Shree Ram & Company","12"
"/mdf-hdmr-work/textured-mdf-panels/","Vercel 301 Permanent + Meta Refresh (0s)","/mdf-hdmr-work/#textured-mdf-panels","Redirecting to Textured MDF Panels | Shree Ram & Company","16"
"/mdf-hdmr-work/wall-panels/","Vercel 301 Permanent + Meta Refresh (0s)","/mdf-hdmr-work/#wall-panels","Redirecting to wall-panels | Shree Ram & Company","12"
"/mdf-hdmr-work/wave/","Vercel 301 Permanent + Meta Refresh (0s)","/mdf-hdmr-work/#wave","Redirecting to wave | Shree Ram & Company","12"
"/mdf-hdmr-work/wave-mdf-panels/","Vercel 301 Permanent + Meta Refresh (0s)","/mdf-hdmr-work/#wave-mdf-panels","Redirecting to Wave MDF Panels | Shree Ram & Company","16"
"/stone-art-murals/buddha/","Vercel 301 Permanent + Meta Refresh (0s)","/stone-art-murals/#buddha","Redirecting to buddha | Shree Ram & Company","12"
"/stone-art-murals/buddha-stone-art-mural/","Vercel 301 Permanent + Meta Refresh (0s)","/stone-art-murals/#buddha-stone-art-mural","Redirecting to Buddha Stone Art & Mural | Shree Ram & Company","20"
"/stone-art-murals/durga-mata-ji/","Vercel 301 Permanent + Meta Refresh (0s)","/stone-art-murals/#durga-mata-ji","Redirecting to durga-mata-ji | Shree Ram & Company","12"
"/stone-art-murals/durga-mata-ji-stone-art-mural/","Vercel 301 Permanent + Meta Refresh (0s)","/stone-art-murals/#durga-mata-ji-stone-art-mural","Redirecting to Durga Mata Ji Stone Art & Mural | Shree Ram & Company","24"
"/stone-art-murals/floral-stone-art/","Vercel 301 Permanent + Meta Refresh (0s)","/stone-art-murals/#floral-stone-art","Redirecting to floral-stone-art | Shree Ram & Company","12"
"/stone-art-murals/ganesh-ji/","Vercel 301 Permanent + Meta Refresh (0s)","/stone-art-murals/#ganesh-ji","Redirecting to ganesh-ji | Shree Ram & Company","12"
"/stone-art-murals/ganesh-ji-stone-art-mural/","Vercel 301 Permanent + Meta Refresh (0s)","/stone-art-murals/#ganesh-ji-stone-art-mural","Redirecting to Ganesh Ji Stone Art & Mural | Shree Ram & Company","22"
"/stone-art-murals/hanuman-ji/","Vercel 301 Permanent + Meta Refresh (0s)","/stone-art-murals/#hanuman-ji","Redirecting to hanuman-ji | Shree Ram & Company","12"
"/stone-art-murals/hanuman-ji-stone-art-mural/","Vercel 301 Permanent + Meta Refresh (0s)","/stone-art-murals/#hanuman-ji-stone-art-mural","Redirecting to Hanuman Ji Stone Art & Mural | Shree Ram & Company","22"
"/stone-art-murals/laxmi-ji/","Vercel 301 Permanent + Meta Refresh (0s)","/stone-art-murals/#laxmi-ji","Redirecting to laxmi-ji | Shree Ram & Company","12"
"/stone-art-murals/laxmi-ji-stone-art-mural/","Vercel 301 Permanent + Meta Refresh (0s)","/stone-art-murals/#laxmi-ji-stone-art-mural","Redirecting to Laxmi Ji Stone Art & Mural | Shree Ram & Company","22"
"/stone-art-murals/radhe-krishna/","Vercel 301 Permanent + Meta Refresh (0s)","/stone-art-murals/#radhe-krishna","Redirecting to radhe-krishna | Shree Ram & Company","12"
"/stone-art-murals/radhe-krishna-stone-art-mural/","Vercel 301 Permanent + Meta Refresh (0s)","/stone-art-murals/#radhe-krishna-stone-art-mural","Redirecting to Radhe Krishna Stone Art & Mural | Shree Ram & Company","22"
"/stone-art-murals/ram-darbar/","Vercel 301 Permanent + Meta Refresh (0s)","/stone-art-murals/#ram-darbar","Redirecting to ram-darbar | Shree Ram & Company","12"
"/stone-art-murals/ram-darbar-stone-art-mural/","Vercel 301 Permanent + Meta Refresh (0s)","/stone-art-murals/#ram-darbar-stone-art-mural","Redirecting to Ram Darbar Stone Art & Mural | Shree Ram & Company","22"
"/stone-art-murals/shiv-ji/","Vercel 301 Permanent + Meta Refresh (0s)","/stone-art-murals/#shiv-ji","Redirecting to shiv-ji | Shree Ram & Company","12"
"/stone-art-murals/shiv-ji-stone-art-mural/","Vercel 301 Permanent + Meta Refresh (0s)","/stone-art-murals/#shiv-ji-stone-art-mural","Redirecting to Shiv Ji Stone Art & Mural | Shree Ram & Company","22"
"/stone-art-murals/shreenath-ji/","Vercel 301 Permanent + Meta Refresh (0s)","/stone-art-murals/#shreenath-ji","Redirecting to shreenath-ji | Shree Ram & Company","12"
"/stone-art-murals/shreenath-ji-stone-art-mural/","Vercel 301 Permanent + Meta Refresh (0s)","/stone-art-murals/#shreenath-ji-stone-art-mural","Redirecting to Shreenath Ji Stone Art & Mural | Shree Ram & Company","22"
"/stone-art-murals/swaminarayan-ji/","Vercel 301 Permanent + Meta Refresh (0s)","/stone-art-murals/#swaminarayan-ji","Redirecting to swaminarayan-ji | Shree Ram & Company","12"
"/stone-art-murals/swaminarayan-ji-stone-art-mural/","Vercel 301 Permanent + Meta Refresh (0s)","/stone-art-murals/#swaminarayan-ji-stone-art-mural","Redirecting to Swaminarayan Ji Stone Art & Mural | Shree Ram & Company","22"
"/stone-art-murals/village-stone-art/","Vercel 301 Permanent + Meta Refresh (0s)","/stone-art-murals/#village-stone-art","Redirecting to village-stone-art | Shree Ram & Company","12"
"/stone-art-murals/village-stone-art-mural/","Vercel 301 Permanent + Meta Refresh (0s)","/stone-art-murals/#village-stone-art-mural","Redirecting to Village Stone Art & Mural | Shree Ram & Company","20"
"/stone-wall-panels/fluted/","Vercel 301 Permanent + Meta Refresh (0s)","/stone-wall-panels/#fluted","Redirecting to fluted | Shree Ram & Company","12"
"/stone-wall-panels/fluted-stone-panels/","Vercel 301 Permanent + Meta Refresh (0s)","/stone-wall-panels/#fluted-stone-panels","Redirecting to Fluted Stone Panels | Shree Ram & Company","16"
"/stone-wall-panels/geometrical/","Vercel 301 Permanent + Meta Refresh (0s)","/stone-wall-panels/#geometrical","Redirecting to geometrical | Shree Ram & Company","12"
"/stone-wall-panels/geometrical-stone-panels/","Vercel 301 Permanent + Meta Refresh (0s)","/stone-wall-panels/#geometrical-stone-panels","Redirecting to Geometrical Stone Panels | Shree Ram & Company","16"
"/stone-wall-panels/textured/","Vercel 301 Permanent + Meta Refresh (0s)","/stone-wall-panels/#textured","Redirecting to textured | Shree Ram & Company","12"
"/stone-wall-panels/textured-stone-panels/","Vercel 301 Permanent + Meta Refresh (0s)","/stone-wall-panels/#textured-stone-panels","Redirecting to Textured Stone Panels | Shree Ram & Company","16"
"/stone-wall-panels/wave/","Vercel 301 Permanent + Meta Refresh (0s)","/stone-wall-panels/#wave","Redirecting to wave | Shree Ram & Company","12"
"/stone-wall-panels/wave-stone-panels/","Vercel 301 Permanent + Meta Refresh (0s)","/stone-wall-panels/#wave-stone-panels","Redirecting to Wave Stone Panels | Shree Ram & Company","16"
